-- phpMyAdmin SQL Dump
-- version 5.2.1
-- https://www.phpmyadmin.net/
--
-- Servidor: 127.0.0.1
-- Tiempo de generación: 09-07-2026 a las 19:04:56
-- Versión del servidor: 10.4.32-MariaDB
-- Versión de PHP: 8.0.30

SET SQL_MODE = "NO_AUTO_VALUE_ON_ZERO";
START TRANSACTION;
SET time_zone = "+00:00";


/*!40101 SET @OLD_CHARACTER_SET_CLIENT=@@CHARACTER_SET_CLIENT */;
/*!40101 SET @OLD_CHARACTER_SET_RESULTS=@@CHARACTER_SET_RESULTS */;
/*!40101 SET @OLD_COLLATION_CONNECTION=@@COLLATION_CONNECTION */;
/*!40101 SET NAMES utf8mb4 */;

--
-- Base de datos: `sica`
--

-- --------------------------------------------------------

--
-- Estructura de tabla para la tabla `auditorio`
--

CREATE TABLE `auditorio` (
  `id_auditorio` int(11) NOT NULL,
  `nombre_auditorio` varchar(80) NOT NULL,
  `bloque` varchar(10) NOT NULL,
  `capacidad` int(11) NOT NULL,
  `cantidad_computadores` int(11) DEFAULT NULL,
  `tiene_aire_acondicionado` tinyint(1) DEFAULT NULL,
  `tiene_ventilador` tinyint(1) DEFAULT NULL,
  `tiene_tablero` tinyint(1) DEFAULT NULL,
  `tiene_televisor` tinyint(1) DEFAULT NULL,
  `id_estado` int(11) DEFAULT NULL
) ENGINE=InnoDB DEFAULT CHARSET=utf8mb4 COLLATE=utf8mb4_general_ci;

--
-- Volcado de datos para la tabla `auditorio`
--

INSERT INTO `auditorio` (`id_auditorio`, `nombre_auditorio`, `bloque`, `capacidad`, `cantidad_computadores`, `tiene_aire_acondicionado`, `tiene_ventilador`, `tiene_tablero`, `tiene_televisor`, `id_estado`) VALUES
(1, 'Auditorio Principal', 'A', 240, NULL, NULL, NULL, NULL, NULL, 1),
(2, 'Sala de Juntas', 'B', 10, NULL, NULL, NULL, NULL, NULL, 1);

-- --------------------------------------------------------

--
-- Estructura de tabla para la tabla `auditorio_caracteristica`
--

CREATE TABLE `auditorio_caracteristica` (
  `id_auditorio` int(11) NOT NULL,
  `id_caracteristica` int(11) NOT NULL
) ENGINE=InnoDB DEFAULT CHARSET=utf8mb4 COLLATE=utf8mb4_general_ci;

--
-- Volcado de datos para la tabla `auditorio_caracteristica`
--

INSERT INTO `auditorio_caracteristica` (`id_auditorio`, `id_caracteristica`) VALUES
(1, 1),
(1, 2),
(1, 3),
(1, 4),
(2, 1),
(2, 2),
(2, 3);

-- --------------------------------------------------------

--
-- Estructura de tabla para la tabla `caracteristica`
--

CREATE TABLE `caracteristica` (
  `id_caracteristica` int(11) NOT NULL,
  `nombre_caracteristica` varchar(50) NOT NULL,
  `id_estado` int(11) DEFAULT NULL
) ENGINE=InnoDB DEFAULT CHARSET=utf8mb4 COLLATE=utf8mb4_general_ci;

--
-- Volcado de datos para la tabla `caracteristica`
--

INSERT INTO `caracteristica` (`id_caracteristica`, `nombre_caracteristica`, `id_estado`) VALUES
(1, 'Video Beam', 1),
(2, 'Aire acondicionado', 1),
(3, 'Sistema de sonido', 1),
(4, 'Internet', 1),
(5, 'Computadores', 1),
(6, 'Acceso para personas con discapacidad', 1);

-- --------------------------------------------------------

--
-- Estructura de tabla para la tabla `certificado`
--

CREATE TABLE `certificado` (
  `id_certificado` int(11) NOT NULL,
  `id_preregistro` int(11) NOT NULL,
  `fecha_generado` date NOT NULL,
  `ruta_certificado` varchar(255) NOT NULL
) ENGINE=InnoDB DEFAULT CHARSET=utf8mb4 COLLATE=utf8mb4_general_ci;

--
-- Volcado de datos para la tabla `certificado`
--

INSERT INTO `certificado` (`id_certificado`, `id_preregistro`, `fecha_generado`, `ruta_certificado`) VALUES
(1, 1, '2025-07-16', 'certificados/EV001_1001001004.pdf'),
(2, 2, '2025-07-16', 'certificados/EV001_1001001005.pdf'),
(3, 3, '2025-07-21', 'certificados/EV002_1001001006.pdf');

-- --------------------------------------------------------

--
-- Estructura de tabla para la tabla `competencia`
--

CREATE TABLE `competencia` (
  `id_competencia` int(11) NOT NULL,
  `nombre_competencia` varchar(100) NOT NULL,
  `descripcion` varchar(150) DEFAULT NULL,
  `id_programa` int(11) NOT NULL,
  `id_estado` int(11) DEFAULT NULL
) ENGINE=InnoDB DEFAULT CHARSET=utf8mb4 COLLATE=utf8mb4_general_ci;

-- --------------------------------------------------------

--
-- Estructura de tabla para la tabla `componente`
--

CREATE TABLE `componente` (
  `id_componente` int(11) NOT NULL,
  `nombre_componente` varchar(100) NOT NULL,
  `descripcion` varchar(150) DEFAULT NULL,
  `id_competencia` int(11) NOT NULL,
  `id_estado` int(11) DEFAULT NULL
) ENGINE=InnoDB DEFAULT CHARSET=utf8mb4 COLLATE=utf8mb4_general_ci;

-- --------------------------------------------------------

--
-- Estructura de tabla para la tabla `estado`
--

CREATE TABLE `estado` (
  `id_estado` int(11) NOT NULL,
  `nombre_estado` varchar(20) NOT NULL
) ENGINE=InnoDB DEFAULT CHARSET=utf8mb4 COLLATE=utf8mb4_general_ci;

--
-- Volcado de datos para la tabla `estado`
--

INSERT INTO `estado` (`id_estado`, `nombre_estado`) VALUES
(1, 'Activo'),
(3, 'Cancelado'),
(4, 'Finalizado'),
(2, 'Inactivo'),
(5, 'Pendiente');

-- --------------------------------------------------------

--
-- Estructura de tabla para la tabla `evento`
--

CREATE TABLE `evento` (
  `id_evento` int(11) NOT NULL,
  `nombre_evento` varchar(100) NOT NULL,
  `descripcion` varchar(150) DEFAULT NULL,
  `fecha_evento` date NOT NULL,
  `hora_inicio` time NOT NULL,
  `hora_fin` time NOT NULL,
  `codigo_evento` varchar(20) NOT NULL,
  `id_auditorio` int(11) NOT NULL,
  `id_tipo_evento` int(11) NOT NULL,
  `id_solicitante` bigint(20) DEFAULT NULL,
  `id_coordinador` bigint(20) DEFAULT NULL,
  `observacion` varchar(255) DEFAULT NULL,
  `fecha_aprobacion` date DEFAULT NULL,
  `id_estado` int(11) DEFAULT NULL
) ENGINE=InnoDB DEFAULT CHARSET=utf8mb4 COLLATE=utf8mb4_general_ci;

--
-- Volcado de datos para la tabla `evento`
--

INSERT INTO `evento` (`id_evento`, `nombre_evento`, `descripcion`, `fecha_evento`, `hora_inicio`, `hora_fin`, `codigo_evento`, `id_auditorio`, `id_tipo_evento`, `id_solicitante`, `id_coordinador`, `observacion`, `fecha_aprobacion`, `id_estado`) VALUES
(1, 'Desarrollo Seguro de Software', 'Capacitación sobre desarrollo seguro.', '2025-07-15', '08:00:00', '12:00:00', 'EV001', 1, 3, 1001001007, 18188181881, 'Aprobado sin observaciones.', '2025-07-05', 1),
(2, 'Inteligencia Artificial', 'Seminario sobre IA aplicada.', '2025-07-20', '09:00:00', '12:00:00', 'EV002', 2, 2, 1001001007, 18188181881, 'Aprobado sin observaciones.', '2025-07-08', 1),
(3, 'Ciberseguridad para Aprendices', 'Taller de seguridad informática.', '2025-07-25', '08:00:00', '11:00:00', 'EV003', 1, 4, 1001001007, 18188181881, 'Aprobado sin observaciones.', '2025-07-10', 1),
(4, 'Feria de Proyectos SENA', 'Muestra de proyectos formativos desarrollados por aprendices.', '2026-07-08', '08:00:00', '11:30:00', 'EV004', 1, 1, 1001001007, 18188181881, 'Aprobado sin observaciones.', '2026-07-01', 1),
(5, 'Charla de Empleabilidad', 'Orientacion para fortalecer hoja de vida y entrevista laboral.', '2026-07-10', '14:00:00', '16:00:00', 'EV005', 1, 1, 1001001007, 18188181881, 'Aprobado sin observaciones.', '2026-07-01', 1),
(6, 'Innovacion y Transformacion Digital', 'Seminario sobre nuevas tecnologias aplicadas a la formacion.', '2026-07-15', '09:00:00', '12:00:00', 'EV006', 2, 2, 1001001007, 18188181881, 'Aprobado sin observaciones.', '2026-07-01', 1),
(7, 'Bienestar del Aprendiz', 'Encuentro de salud mental, convivencia y permanencia educativa.', '2026-07-22', '10:00:00', '12:00:00', 'EV007', 1, 3, 1001001007, 18188181881, 'Aprobado sin observaciones.', '2026-07-01', 1),
(8, 'Taller de Marca Personal', 'Actividad practica para construir perfil profesional y portafolio.', '2026-07-29', '08:30:00', '10:30:00', 'EV008', 2, 4, 1001001007, 18188181881, 'Aprobado sin observaciones.', '2026-07-01', 1),
(9, 'Conferencia de Tecnologia Verde', 'Espacio sobre sostenibilidad, energia y soluciones digitales.', '2026-08-05', '09:00:00', '11:00:00', 'EV009', 1, 1, 1001001007, 18188181881, 'Aprobado sin observaciones.', '2026-07-01', 1),
(11, 'Seminario SICA', 'Seminario con enfoque a asistencias', '2026-07-12', '08:00:00', '10:00:00', 'SOL26070317533574', 1, 2, 1001001007, 18188181881, NULL, NULL, 5),
(12, 'taller de bellas artes', 'promover el arte y la cultura', '2026-07-25', '09:00:00', '10:00:00', 'SOL26070701583039', 1, 4, 1001001007, 18188181881, 'Aprobado sin novedad', '2026-07-06', 1),
(13, 'salud ocupacional', 'salud', '2026-07-13', '13:00:00', '14:00:00', 'SOL26070818570550', 1, 1, 1001001007, NULL, NULL, NULL, 5),
(14, 'junta colectiva', 'junta', '2026-07-09', '10:30:00', '11:30:00', 'SOL26070917150098', 2, 3, 1001001007, NULL, NULL, NULL, 5);

-- --------------------------------------------------------

--
-- Estructura de tabla para la tabla `ficha`
--

CREATE TABLE `ficha` (
  `id_ficha` int(11) NOT NULL,
  `fecha_inicio_f` date NOT NULL,
  `fecha_fin_f` date NOT NULL,
  `id_programa` int(11) NOT NULL,
  `id_estado` int(11) DEFAULT NULL
) ENGINE=InnoDB DEFAULT CHARSET=utf8mb4 COLLATE=utf8mb4_general_ci;

--
-- Volcado de datos para la tabla `ficha`
--

INSERT INTO `ficha` (`id_ficha`, `fecha_inicio_f`, `fecha_fin_f`, `id_programa`, `id_estado`) VALUES
(354315, '2026-04-20', '2026-04-20', 355, 1),
(354748, '2026-04-27', '2026-04-27', 355, 1),
(354884, '2026-04-30', '2026-04-30', 354, 1),
(355772, '2026-05-10', '2026-05-10', 353, 1),
(2877429, '2024-01-22', '2026-04-21', 214, 4),
(2877506, '2024-01-22', '2026-04-21', 216, 4),
(2877776, '2024-01-22', '2026-04-21', 334, 4),
(2877822, '2024-01-22', '2026-01-21', 342, 4),
(2877824, '2024-01-22', '2026-04-21', 335, 4),
(2879537, '2023-11-20', '2026-02-19', 333, 4),
(2879704, '2023-11-20', '2026-02-19', 214, 4),
(2879705, '2023-11-20', '2026-02-19', 214, 4),
(2879777, '2023-11-20', '2026-02-19', 322, 4),
(2879778, '2023-11-20', '2026-02-19', 322, 4),
(2879779, '2023-11-20', '2026-02-19', 322, 4),
(2879780, '2023-11-20', '2026-02-19', 322, 4),
(2879781, '2023-11-20', '2026-02-19', 322, 4),
(2901802, '2023-12-15', '2026-03-16', 226, 4),
(2901823, '2024-01-23', '2026-01-22', 252, 4),
(2903899, '2024-02-01', '2026-04-30', 251, 4),
(2910664, '2024-02-20', '2026-06-01', 235, 1),
(2914179, '2024-02-19', '2026-02-19', 312, 4),
(2924204, '2024-04-15', '2026-07-14', 228, 1),
(2924207, '2024-04-15', '2026-07-14', 294, 1),
(2924213, '2024-04-15', '2026-04-14', 252, 4),
(2924226, '2024-04-15', '2026-04-14', 252, 4),
(2924273, '2024-04-15', '2026-07-14', 214, 1),
(2924306, '2024-04-15', '2026-04-14', 299, 4),
(2924340, '2024-04-15', '2026-04-14', 221, 4),
(2924347, '2024-04-15', '2026-07-14', 323, 1),
(2924348, '2024-04-15', '2026-07-14', 226, 1),
(2925578, '2024-03-04', '2026-06-03', 307, 1),
(2926037, '2024-03-01', '2026-06-01', 235, 1),
(2926657, '2024-02-26', '2026-05-25', 239, 1),
(2934824, '2024-03-09', '2026-03-07', 299, 4),
(2943531, '2024-03-12', '2026-06-11', 222, 1),
(2977139, '2024-05-14', '2026-08-13', 320, 1),
(2977140, '2024-05-14', '2026-08-13', 320, 1),
(2977141, '2024-05-14', '2026-08-13', 320, 1),
(2977200, '2024-05-14', '2026-08-13', 343, 1),
(2977201, '2024-05-14', '2026-08-13', 343, 1),
(2977202, '2024-05-14', '2026-08-13', 343, 1),
(2977231, '2024-05-14', '2026-08-13', 294, 1),
(2977232, '2024-05-14', '2026-08-13', 294, 1),
(2977478, '2024-05-14', '2026-08-13', 214, 1),
(2977479, '2024-05-14', '2026-08-13', 214, 1),
(2977480, '2024-05-14', '2026-08-13', 214, 1),
(2977641, '2024-05-14', '2026-08-13', 322, 1),
(2982510, '2024-05-06', '2026-08-05', 226, 1),
(2998865, '2024-07-08', '2026-07-07', 252, 1),
(2999183, '2024-07-08', '2026-10-07', 294, 1),
(3001342, '2024-07-08', '2026-10-07', 242, 1),
(3001347, '2024-07-08', '2026-10-07', 318, 1),
(3031879, '2024-07-08', '2026-01-07', 249, 4),
(3039448, '2024-07-12', '2026-10-11', 303, 1),
(3041468, '2024-08-12', '2026-08-11', 299, 1),
(3042014, '2024-08-12', '2026-02-11', 253, 4),
(3045595, '2024-08-14', '2026-11-13', 216, 1),
(3047491, '2024-08-19', '2026-02-18', 220, 4),
(3051370, '2024-08-26', '2026-08-25', 221, 1),
(3063365, '2024-10-15', '2027-01-14', 273, 1),
(3063543, '2024-10-15', '2026-10-14', 342, 1),
(3063829, '2024-10-15', '2027-01-14', 346, 1),
(3063921, '2024-10-15', '2027-01-14', 335, 1),
(3063936, '2024-10-15', '2026-04-14', 249, 4),
(3070120, '2024-09-16', '2026-12-15', 214, 1),
(3070128, '2024-09-16', '2026-12-15', 214, 1),
(3070145, '2024-09-16', '2026-12-15', 222, 1),
(3070147, '2024-09-16', '2026-12-15', 222, 1),
(3070157, '2024-09-16', '2026-12-15', 343, 1),
(3070168, '2024-09-16', '2026-12-15', 235, 1),
(3070169, '2024-09-16', '2026-12-15', 235, 1),
(3070172, '2024-09-16', '2026-12-15', 337, 1),
(3079665, '2024-09-16', '2026-02-16', 230, 4),
(3098289, '2024-10-15', '2027-01-15', 214, 1),
(3105198, '2024-10-12', '2027-01-12', 216, 1),
(3114282, '2024-12-09', '2026-12-08', 252, 1),
(3118295, '2024-11-18', '2027-02-17', 214, 1),
(3118348, '2024-11-18', '2027-02-17', 222, 1),
(3118439, '2024-11-18', '2027-02-17', 235, 1),
(3118539, '2024-11-18', '2027-02-17', 235, 1),
(3118555, '2024-11-18', '2027-02-17', 235, 1),
(3118575, '2024-11-18', '2027-02-17', 222, 1),
(3122698, '2024-11-12', '2027-02-12', 243, 1),
(3134600, '2024-12-09', '2027-03-08', 235, 1),
(3142616, '2025-02-10', '2027-05-10', 317, 1),
(3142624, '2025-02-10', '2027-05-10', 294, 1),
(3142632, '2025-02-10', '2027-05-10', 216, 1),
(3142641, '2025-02-10', '2027-05-10', 235, 1),
(3142646, '2025-02-10', '2027-05-10', 334, 1),
(3143069, '2024-12-05', '2026-12-04', 267, 1),
(3148293, '2025-02-10', '2027-05-07', 242, 1),
(3157018, '2025-03-03', '2026-11-30', 227, 1),
(3157162, '2025-03-03', '2026-11-30', 227, 1),
(3157275, '2025-03-03', '2026-11-30', 213, 1),
(3157355, '2025-03-03', '2026-11-30', 224, 1),
(3157602, '2025-03-03', '2026-11-30', 271, 1),
(3158692, '2025-03-03', '2026-11-30', 262, 1),
(3158697, '2025-03-03', '2026-11-30', 262, 1),
(3158856, '2025-03-03', '2026-11-30', 300, 1),
(3158873, '2025-03-03', '2026-11-30', 305, 1),
(3158895, '2025-03-03', '2026-11-30', 227, 1),
(3159000, '2025-03-03', '2026-11-30', 260, 1),
(3159169, '2025-03-03', '2026-11-30', 279, 1),
(3159250, '2025-03-03', '2026-11-30', 260, 1),
(3159331, '2025-03-03', '2026-11-30', 301, 1),
(3159338, '2025-03-03', '2026-11-30', 283, 1),
(3159356, '2025-03-03', '2026-11-30', 261, 1),
(3159364, '2025-03-03', '2026-11-30', 260, 1),
(3159423, '2025-03-03', '2026-11-30', 257, 1),
(3159617, '2025-03-03', '2026-11-30', 301, 1),
(3159618, '2025-03-03', '2026-11-30', 260, 1),
(3159660, '2025-03-03', '2026-11-30', 260, 1),
(3159709, '2025-03-03', '2026-11-30', 309, 1),
(3159771, '2025-03-03', '2026-11-30', 260, 1),
(3159834, '2025-03-03', '2026-11-30', 260, 1),
(3159922, '2025-03-03', '2026-11-30', 224, 1),
(3159951, '2025-03-03', '2026-11-30', 271, 1),
(3160064, '2025-03-03', '2026-11-30', 213, 1),
(3160154, '2025-03-03', '2026-11-30', 213, 1),
(3160159, '2025-03-03', '2026-11-30', 224, 1),
(3160204, '2025-03-03', '2026-11-30', 213, 1),
(3160273, '2025-03-03', '2026-11-30', 213, 1),
(3160322, '2025-03-03', '2026-11-30', 271, 1),
(3160352, '2025-03-03', '2026-11-30', 224, 1),
(3160371, '2025-03-03', '2026-11-30', 213, 1),
(3160449, '2025-03-03', '2026-11-30', 301, 1),
(3160457, '2025-03-03', '2026-11-30', 227, 1),
(3160460, '2025-03-03', '2026-11-30', 279, 1),
(3160511, '2025-03-03', '2026-11-30', 227, 1),
(3160565, '2025-03-03', '2026-11-30', 227, 1),
(3160573, '2025-03-03', '2026-11-30', 279, 1),
(3160574, '2025-03-03', '2026-11-30', 301, 1),
(3160600, '2025-03-03', '2026-11-30', 227, 1),
(3160604, '2025-03-03', '2026-11-30', 279, 1),
(3160614, '2025-03-03', '2026-11-30', 261, 1),
(3160618, '2025-03-03', '2026-11-30', 261, 1),
(3160629, '2025-03-03', '2026-11-30', 230, 1),
(3160631, '2025-03-03', '2026-11-30', 230, 1),
(3160641, '2025-03-03', '2026-11-30', 257, 1),
(3160645, '2025-03-03', '2026-11-30', 257, 1),
(3160714, '2025-03-03', '2026-11-30', 261, 1),
(3160715, '2025-03-03', '2026-11-30', 301, 1),
(3160717, '2025-03-03', '2026-11-30', 261, 1),
(3160720, '2025-03-03', '2026-11-30', 301, 1),
(3160721, '2025-03-03', '2026-11-30', 301, 1),
(3160722, '2025-03-03', '2026-11-30', 279, 1),
(3160725, '2025-03-03', '2026-11-30', 261, 1),
(3160728, '2025-03-03', '2026-11-30', 261, 1),
(3160735, '2025-03-03', '2026-11-30', 261, 1),
(3160736, '2025-03-03', '2026-11-30', 230, 1),
(3160740, '2025-03-03', '2026-11-30', 261, 1),
(3160856, '2025-03-03', '2026-11-30', 257, 1),
(3160857, '2025-03-03', '2026-11-30', 257, 1),
(3160858, '2025-03-03', '2026-11-30', 230, 1),
(3160859, '2025-03-03', '2026-11-30', 257, 1),
(3160868, '2025-03-03', '2026-11-30', 257, 1),
(3161764, '2025-03-03', '2026-11-30', 285, 1),
(3161771, '2025-03-03', '2026-11-30', 304, 1),
(3161772, '2025-03-03', '2026-11-30', 304, 1),
(3161773, '2025-03-03', '2026-11-30', 304, 1),
(3161777, '2025-03-03', '2026-11-30', 304, 1),
(3161778, '2025-03-03', '2026-11-30', 304, 1),
(3161802, '2025-03-03', '2026-11-30', 213, 1),
(3161833, '2025-03-03', '2026-11-30', 213, 1),
(3161939, '2025-03-03', '2026-11-30', 213, 1),
(3162022, '2025-03-03', '2026-11-30', 259, 1),
(3162084, '2025-03-03', '2026-11-30', 213, 1),
(3162147, '2025-03-03', '2026-11-30', 271, 1),
(3162215, '2025-03-03', '2026-11-30', 213, 1),
(3162290, '2025-03-03', '2026-11-30', 224, 1),
(3162402, '2025-03-03', '2026-11-30', 213, 1),
(3162600, '2025-03-03', '2026-11-30', 256, 1),
(3162631, '2025-03-03', '2026-11-30', 256, 1),
(3162682, '2025-03-03', '2026-11-30', 256, 1),
(3163005, '2025-03-03', '2026-11-30', 256, 1),
(3163276, '2025-03-03', '2026-11-30', 256, 1),
(3163384, '2025-03-03', '2026-11-30', 256, 1),
(3163446, '2025-03-03', '2026-11-30', 256, 1),
(3163604, '2025-03-03', '2026-11-30', 279, 1),
(3163624, '2025-03-03', '2026-11-30', 279, 1),
(3163652, '2025-03-03', '2026-11-30', 301, 1),
(3163749, '2025-03-03', '2026-11-30', 279, 1),
(3164270, '2025-03-03', '2026-11-30', 310, 1),
(3164384, '2025-03-03', '2026-11-30', 256, 1),
(3164570, '2025-03-01', '2027-05-31', 251, 1),
(3164596, '2025-03-03', '2026-11-30', 301, 1),
(3164795, '2025-03-03', '2026-11-30', 302, 1),
(3165885, '2025-03-03', '2026-11-30', 256, 1),
(3166035, '2025-03-03', '2026-11-30', 257, 1),
(3166334, '2025-03-03', '2026-11-30', 301, 1),
(3166454, '2025-03-03', '2026-11-30', 279, 1),
(3166530, '2025-03-03', '2026-11-30', 279, 1),
(3166562, '2025-03-03', '2026-11-30', 257, 1),
(3169048, '2025-04-29', '2027-04-28', 345, 1),
(3169067, '2025-04-29', '2027-07-28', 228, 1),
(3169073, '2025-04-29', '2027-04-28', 299, 1),
(3169146, '2025-04-29', '2027-07-28', 307, 1),
(3169189, '2025-04-29', '2027-04-28', 342, 1),
(3169208, '2025-04-29', '2027-07-28', 348, 1),
(3169231, '2025-04-29', '2027-07-28', 248, 1),
(3169260, '2025-04-29', '2027-07-28', 330, 1),
(3169933, '2025-04-29', '2026-09-29', 329, 1),
(3169942, '2025-04-29', '2026-07-28', 257, 1),
(3169964, '2025-04-29', '2026-07-28', 280, 1),
(3169966, '2025-04-29', '2026-07-28', 315, 1),
(3169967, '2025-04-29', '2026-07-28', 227, 1),
(3169974, '2025-04-29', '2026-10-28', 240, 1),
(3175367, '2025-03-06', '2026-11-30', 289, 1),
(3185541, '2025-03-25', '2026-06-24', 218, 1),
(3185840, '2025-03-31', '2026-06-30', 326, 1),
(3185853, '2025-03-31', '2026-06-30', 331, 1),
(3185900, '2025-03-31', '2027-06-30', 222, 1),
(3185901, '2025-03-31', '2027-06-30', 222, 1),
(3185992, '2025-03-31', '2027-06-30', 343, 1),
(3186000, '2025-03-31', '2027-06-30', 294, 1),
(3186001, '2025-03-31', '2027-06-30', 294, 1),
(3186035, '2025-03-31', '2027-06-30', 320, 1),
(3186056, '2025-03-31', '2027-06-30', 322, 1),
(3186123, '2025-03-31', '2027-06-30', 340, 1),
(3186124, '2025-03-31', '2027-06-30', 340, 1),
(3186601, '2025-03-31', '2027-06-30', 214, 1),
(3190792, '2025-04-01', '2026-07-01', 259, 1),
(3192288, '2025-03-25', '2026-09-24', 270, 1),
(3200958, '2025-04-02', '2026-07-01', 244, 1),
(3202854, '2025-04-07', '2026-07-06', 227, 1),
(3202887, '2025-04-10', '2026-07-09', 271, 1),
(3202947, '2025-04-05', '2027-07-11', 216, 1),
(3203606, '2025-04-04', '2026-06-03', 213, 1),
(3203744, '2025-04-07', '2026-07-06', 224, 1),
(3204752, '2025-04-07', '2026-07-06', 292, 1),
(3206144, '2025-04-21', '2026-07-21', 260, 1),
(3206188, '2025-04-21', '2026-07-21', 213, 1),
(3206256, '2025-04-21', '2026-10-21', 220, 1),
(3206408, '2025-04-21', '2027-07-21', 235, 1),
(3206591, '2025-04-08', '2027-07-07', 269, 1),
(3211391, '2025-04-14', '2026-11-30', 298, 1),
(3211409, '2025-04-14', '2026-11-30', 281, 1),
(3212856, '2025-04-16', '2026-11-30', 250, 1),
(3212879, '2025-04-16', '2026-11-30', 250, 1),
(3212888, '2025-04-16', '2026-11-30', 250, 1),
(3214419, '2025-04-22', '2026-11-30', 250, 1),
(3214445, '2025-04-22', '2026-11-30', 218, 1),
(3214448, '2025-04-22', '2026-11-30', 278, 1),
(3214662, '2025-04-22', '2026-11-30', 282, 1),
(3214797, '2025-04-23', '2026-11-30', 250, 1),
(3214880, '2025-04-23', '2026-11-30', 297, 1),
(3214900, '2025-04-23', '2026-11-30', 282, 1),
(3215095, '2025-04-23', '2026-11-30', 281, 1),
(3215957, '2025-04-25', '2026-04-24', 213, 4),
(3216066, '2025-04-28', '2026-11-30', 281, 1),
(3216067, '2025-04-28', '2026-11-30', 281, 1),
(3216076, '2025-04-28', '2026-11-30', 281, 1),
(3216077, '2025-04-28', '2026-11-30', 250, 1),
(3216078, '2025-04-28', '2026-11-30', 281, 1),
(3216079, '2025-04-28', '2026-11-30', 281, 1),
(3216089, '2025-04-28', '2026-11-30', 281, 1),
(3216090, '2025-04-28', '2026-11-30', 281, 1),
(3216092, '2025-04-28', '2026-11-30', 262, 1),
(3216093, '2025-04-28', '2026-11-30', 250, 1),
(3216094, '2025-04-28', '2026-11-30', 281, 1),
(3216428, '2025-05-03', '2027-08-01', 216, 1),
(3224980, '2025-05-14', '2026-09-30', 225, 1),
(3234729, '2025-07-25', '2027-10-24', 334, 1),
(3234752, '2025-07-25', '2027-07-24', 342, 1),
(3234797, '2025-07-25', '2027-07-24', 336, 1),
(3234800, '2025-07-25', '2027-10-24', 273, 1),
(3234806, '2025-07-25', '2027-10-24', 335, 1),
(3235418, '2025-07-25', '2027-07-24', 252, 1),
(3235576, '2025-07-25', '2026-10-24', 282, 1),
(3235652, '2025-07-25', '2026-10-24', 319, 1),
(3235679, '2025-07-25', '2026-04-24', 325, 4),
(3235751, '2025-07-25', '2027-01-24', 263, 1),
(3235775, '2025-07-25', '2027-01-24', 220, 1),
(3236486, '2025-06-03', '2026-09-02', 321, 1),
(3236487, '2025-06-03', '2026-09-02', 321, 1),
(3236520, '2025-06-03', '2027-09-02', 322, 1),
(3236521, '2025-06-03', '2027-09-02', 322, 1),
(3236597, '2025-05-19', '2026-08-18', 257, 1),
(3237583, '2025-05-19', '2026-09-30', 224, 1),
(3241918, '2025-05-22', '2026-11-30', 218, 1),
(3241985, '2025-05-22', '2026-11-30', 281, 1),
(3242275, '2025-05-22', '2026-11-30', 250, 1),
(3244444, '2025-05-26', '2026-11-30', 250, 1),
(3247943, '2025-06-09', '2026-09-08', 234, 1),
(3248447, '2025-06-09', '2026-09-09', 213, 1),
(3265724, '2025-06-24', '2026-09-23', 274, 1),
(3274286, '2025-07-04', '2027-10-04', 269, 1),
(3276935, '2025-07-08', '2026-07-08', 268, 1),
(3276936, '2025-07-08', '2026-07-08', 292, 1),
(3276945, '2025-07-28', '2026-12-11', 225, 1),
(3284052, '2025-07-16', '2026-10-16', 219, 1),
(3286129, '2025-07-16', '2026-10-16', 234, 1),
(3291120, '2025-08-04', '2026-11-03', 213, 1),
(3291121, '2025-07-25', '2027-07-23', 252, 1),
(3291122, '2025-08-04', '2027-11-03', 273, 1),
(3291124, '2025-07-25', '2026-10-23', 219, 1),
(3291130, '2025-08-04', '2026-11-03', 231, 1),
(3291131, '2025-08-11', '2027-02-10', 240, 1),
(3292205, '2025-07-28', '2027-10-27', 226, 1),
(3297406, '2025-08-04', '2026-12-03', 227, 1),
(3297407, '2025-08-04', '2027-02-03', 249, 1),
(3304127, '2025-08-19', '2027-11-18', 242, 1),
(3305608, '2025-08-11', '2026-12-24', 225, 1),
(3306405, '2025-08-25', '2026-12-24', 217, 1),
(3311519, '2025-10-09', '2028-01-08', 216, 1),
(3311525, '2025-10-09', '2027-10-08', 252, 1),
(3311535, '2025-10-09', '2028-01-08', 323, 1),
(3311546, '2025-10-09', '2028-01-08', 214, 1),
(3311566, '2025-10-09', '2027-10-08', 342, 1),
(3312580, '2025-10-09', '2027-04-08', 249, 1),
(3312594, '2025-10-09', '2027-04-08', 215, 1),
(3312637, '2025-10-09', '2027-01-08', 315, 1),
(3320158, '2025-08-30', '2027-11-28', 303, 1),
(3320165, '2025-09-01', '2027-01-15', 225, 1),
(3323631, '2025-09-01', '2026-11-30', 236, 1),
(3325097, '2025-09-06', '2027-09-05', 299, 1),
(3329122, '2025-09-15', '2026-12-14', 232, 1),
(3329134, '2025-09-08', '2027-03-05', 220, 1),
(3333651, '2025-09-10', '2026-08-24', 254, 1),
(3333652, '2025-09-10', '2026-12-09', 237, 1),
(3335644, '2025-09-29', '2026-12-28', 321, 1),
(3335649, '2025-09-29', '2026-12-28', 227, 1),
(3335700, '2025-09-29', '2027-12-28', 294, 1),
(3335740, '2025-09-29', '2027-12-28', 322, 1),
(3335741, '2025-09-29', '2027-12-28', 322, 1),
(3335930, '2025-09-29', '2027-12-28', 333, 1),
(3335975, '2025-09-29', '2026-12-28', 349, 1),
(3336289, '2025-09-29', '2026-12-28', 289, 1),
(3336316, '2025-09-29', '2026-12-28', 326, 1),
(3336317, '2025-09-29', '2026-12-28', 326, 1),
(3336474, '2025-09-29', '2027-12-28', 222, 1),
(3336506, '2025-09-29', '2027-12-28', 320, 1),
(3336527, '2025-09-29', '2027-12-28', 320, 1),
(3337023, '2025-09-22', '2026-03-20', 265, 4),
(3337028, '2025-09-15', '2026-12-14', 236, 1),
(3337037, '2025-09-12', '2026-12-11', 223, 1),
(3344650, '2025-09-24', '2026-12-23', 213, 1),
(3344658, '2025-09-29', '2026-12-28', 250, 1),
(3345953, '2025-09-25', '2026-03-24', 265, 4),
(3345956, '2025-09-25', '2026-03-24', 265, 4),
(3345957, '2025-09-25', '2026-03-24', 265, 4),
(3345960, '2025-09-29', '2026-03-28', 265, 4),
(3346819, '2025-09-30', '2026-03-29', 275, 4),
(3347415, '2025-09-29', '2026-03-28', 275, 4),
(3348566, '2025-09-27', '2026-12-26', 266, 1),
(3348881, '2025-09-29', '2026-03-28', 265, 4),
(3350971, '2025-10-01', '2027-01-29', 296, 1),
(3362080, '2025-10-14', '2026-12-12', 262, 1),
(3362081, '2025-10-15', '2027-04-14', 220, 1),
(3362092, '2025-10-15', '2027-10-14', 299, 1),
(3375396, '2025-11-04', '2027-02-03', 233, 1),
(3375397, '2025-11-06', '2027-02-05', 234, 1),
(3375399, '2025-11-04', '2028-02-03', 248, 1),
(3376400, '2025-11-05', '2027-01-05', 213, 1),
(3378375, '2025-11-04', '2027-05-03', 249, 1),
(3383103, '2025-11-13', '2027-11-12', 294, 1),
(3387399, '2025-12-11', '2028-03-10', 222, 1),
(3387401, '2025-12-11', '2027-12-10', 252, 1),
(3387404, '2025-12-11', '2028-03-10', 335, 1),
(3387408, '2025-12-11', '2028-03-10', 214, 1),
(3387421, '2025-12-11', '2028-03-10', 327, 1),
(3387423, '2025-12-11', '2028-03-10', 242, 1),
(3387428, '2025-12-11', '2028-03-10', 330, 1),
(3388748, '2025-12-09', '2028-03-08', 320, 1),
(3388749, '2025-12-09', '2028-03-08', 320, 1),
(3388750, '2025-12-09', '2028-03-08', 320, 1),
(3388751, '2025-12-09', '2028-03-08', 320, 1),
(3388752, '2025-12-09', '2028-03-08', 320, 1),
(3388753, '2025-12-09', '2028-03-08', 320, 1),
(3388754, '2025-12-09', '2028-03-08', 320, 1),
(3388785, '2025-12-09', '2028-03-08', 320, 1),
(3388786, '2025-12-09', '2028-03-08', 320, 1),
(3390694, '2025-11-24', '2027-02-23', 213, 1),
(3390695, '2025-11-18', '2027-02-17', 245, 1),
(3396257, '2025-12-01', '2027-07-31', 264, 1),
(3400574, '2025-11-26', '2027-03-25', 227, 1),
(3400580, '2025-11-26', '2027-03-25', 227, 1),
(3403050, '2025-12-01', '2027-02-26', 213, 1),
(3406253, '2025-12-09', '2027-03-08', 236, 1),
(3406957, '2025-12-09', '2027-06-08', 249, 1),
(3406958, '2025-12-09', '2027-06-08', 263, 1),
(3406965, '2025-12-09', '2027-06-08', 249, 1),
(3406966, '2025-12-11', '2027-03-10', 218, 1),
(3407860, '2025-12-15', '2027-12-14', 252, 1),
(3407876, '2025-12-15', '2027-03-12', 247, 1),
(3408538, '2025-12-16', '2028-03-15', 222, 1),
(3408539, '2025-12-16', '2028-03-15', 226, 1),
(3408859, '2025-12-16', '2026-12-15', 292, 1),
(3410661, '2026-03-05', '2027-06-09', 324, 1),
(3410687, '2026-03-10', '2027-06-13', 339, 1),
(3410700, '2026-03-10', '2027-06-13', 261, 1),
(3410711, '2026-03-10', '2027-06-13', 332, 1),
(3410822, '2026-03-10', '2028-06-13', 323, 1),
(3410828, '2026-03-10', '2028-03-13', 307, 1),
(3410829, '2026-03-10', '2028-03-13', 222, 1),
(3410831, '2026-03-10', '2028-03-13', 226, 1),
(3410833, '2026-03-10', '2028-03-13', 251, 1),
(3410850, '2026-03-10', '2028-03-13', 328, 1),
(3410906, '2026-03-10', '2028-03-13', 350, 1),
(3410914, '2026-03-10', '2028-03-13', 330, 1),
(3410970, '2026-03-10', '2027-06-13', 261, 1),
(3410994, '2026-03-10', '2027-06-14', 227, 1),
(3411022, '2026-03-10', '2027-06-13', 338, 1),
(3411038, '2026-03-10', '2027-12-14', 263, 1),
(3411085, '2026-03-10', '2027-06-13', 347, 1),
(3411089, '2026-03-10', '2027-06-13', 314, 1),
(3411140, '2026-03-10', '2027-06-13', 314, 1),
(3411553, '2026-03-10', '2027-12-14', 249, 1),
(3411566, '2026-03-10', '2027-06-13', 261, 1),
(3411589, '2026-03-10', '2027-06-13', 270, 1),
(3411622, '2026-03-10', '2027-06-14', 344, 1),
(3411649, '2026-03-10', '2027-06-12', 215, 1),
(3411670, '2026-03-10', '2027-12-14', 249, 1),
(3411675, '2026-03-10', '2027-06-13', 314, 1),
(3411681, '2026-03-10', '2027-06-14', 282, 1),
(3412633, '2026-03-10', '2028-03-13', 330, 1),
(3412652, '2026-03-10', '2027-06-13', 261, 1),
(3417571, '2026-02-05', '2026-02-06', 3, 4),
(3417595, '2026-02-10', '2026-02-11', 3, 4),
(3418032, '2026-02-06', '2026-03-11', 209, 4),
(3418033, '2026-02-06', '2026-03-11', 209, 4),
(3418043, '2026-02-06', '2026-03-11', 209, 4),
(3418044, '2026-02-06', '2026-03-11', 209, 4),
(3418058, '2026-02-06', '2026-03-11', 199, 4),
(3418059, '2026-02-06', '2026-03-11', 199, 4),
(3418060, '2026-02-06', '2026-03-11', 199, 4),
(3418061, '2026-02-06', '2026-03-11', 199, 4),
(3418554, '2026-02-06', '2026-03-05', 202, 4),
(3418565, '2026-02-06', '2026-03-05', 202, 4),
(3418658, '2026-02-06', '2026-03-11', 203, 4),
(3418660, '2026-02-06', '2026-03-11', 203, 4),
(3418663, '2026-02-06', '2026-03-11', 203, 4),
(3418675, '2026-02-06', '2026-03-11', 203, 4),
(3418676, '2026-02-06', '2026-03-11', 203, 4),
(3418679, '2026-02-06', '2026-03-11', 203, 4),
(3419023, '2026-02-06', '2026-03-05', 191, 4),
(3419024, '2026-02-06', '2026-03-05', 191, 4),
(3419026, '2026-02-06', '2026-03-05', 191, 4),
(3419027, '2026-02-06', '2026-03-05', 191, 4),
(3419152, '2026-02-06', '2026-03-05', 55, 4),
(3419165, '2026-02-06', '2026-03-05', 55, 4),
(3419166, '2026-02-06', '2026-03-05', 55, 4),
(3419176, '2026-02-06', '2026-03-05', 55, 4),
(3419207, '2026-02-06', '2026-02-19', 206, 4),
(3419208, '2026-02-06', '2026-02-19', 206, 4),
(3419209, '2026-02-06', '2026-02-19', 206, 4),
(3419211, '2026-02-06', '2026-02-19', 206, 4),
(3419250, '2026-02-09', '2026-02-21', 11, 4),
(3419276, '2026-02-06', '2026-03-05', 204, 4),
(3419277, '2026-02-06', '2026-03-05', 204, 4),
(3419287, '2026-02-23', '2026-03-07', 11, 4),
(3419781, '2026-02-09', '2026-04-08', 43, 4),
(3420328, '2026-02-09', '2026-03-12', 201, 4),
(3420330, '2026-02-09', '2026-03-06', 201, 4),
(3420332, '2026-02-09', '2026-03-06', 201, 4),
(3420339, '2026-02-09', '2026-03-12', 201, 4),
(3420563, '2026-02-10', '2026-04-10', 43, 4),
(3421292, '2026-02-10', '2026-02-13', 89, 4),
(3421444, '2026-02-13', '2026-02-18', 134, 4),
(3421493, '2026-02-10', '2026-02-13', 89, 4),
(3423635, '2026-02-27', '2026-03-02', 13, 4),
(3424049, '2026-02-14', '2026-03-11', 21, 4),
(3424281, '2026-02-13', '2026-03-16', 15, 4),
(3424313, '2026-02-13', '2026-03-20', 181, 4),
(3424392, '2026-02-14', '2026-03-17', 376, 4),
(3424701, '2026-02-14', '2026-03-18', 20, 4),
(3424811, '2026-02-14', '2026-03-11', 163, 4),
(3424880, '2026-02-14', '2026-03-18', 19, 4),
(3424926, '2026-02-14', '2026-03-18', 19, 4),
(3425054, '2026-03-11', '2026-03-12', 13, 4),
(3425188, '2026-03-05', '2026-03-06', 13, 4),
(3425358, '2026-03-03', '2026-03-04', 13, 4),
(3425431, '2026-03-09', '2026-03-10', 13, 4),
(3425462, '2026-02-19', '2026-02-20', 13, 4),
(3425519, '2026-02-23', '2026-02-24', 13, 4),
(3425576, '2026-02-25', '2026-02-26', 13, 4),
(3425607, '2026-02-17', '2026-02-20', 89, 4),
(3426887, '2026-02-13', '2026-04-10', 43, 4),
(3426935, '2026-02-13', '2026-03-09', 373, 4),
(3427058, '2026-02-16', '2026-03-10', 9, 4),
(3427395, '2026-02-13', '2026-02-14', 94, 4),
(3427882, '2026-02-13', '2026-03-31', 379, 4),
(3427914, '2026-02-13', '2026-03-03', 386, 4),
(3427931, '2026-02-13', '2026-02-27', 26, 4),
(3428288, '2026-02-17', '2026-03-19', 26, 4),
(3428450, '2026-02-17', '2026-04-14', 43, 4),
(3428519, '2026-02-17', '2026-04-14', 43, 4),
(3428634, '2026-02-16', '2026-04-13', 43, 4),
(3428851, '2026-02-20', '2026-02-23', 28, 4),
(3428904, '2026-02-16', '2026-03-23', 361, 4),
(3429310, '2026-02-14', '2026-02-16', 12, 4),
(3429369, '2026-02-16', '2026-03-04', 26, 4),
(3429392, '2026-02-14', '2026-03-13', 70, 4),
(3429417, '2026-02-15', '2026-03-11', 70, 4),
(3429597, '2026-02-16', '2026-04-13', 187, 4),
(3429602, '2026-02-15', '2026-03-17', 377, 4),
(3429615, '2026-02-16', '2026-03-30', 374, 4),
(3429637, '2026-02-15', '2026-02-22', 6, 4),
(3429658, '2026-02-15', '2026-04-08', 164, 4),
(3429680, '2026-02-16', '2026-03-17', 164, 4),
(3429742, '2026-02-15', '2026-04-15', 54, 4),
(3429759, '2026-02-17', '2026-04-14', 43, 4),
(3429778, '2026-02-17', '2026-03-17', 34, 4),
(3429798, '2026-02-16', '2026-04-13', 43, 4),
(3429807, '2026-02-20', '2026-04-24', 54, 4),
(3429812, '2026-02-15', '2026-03-11', 48, 4),
(3429832, '2026-02-16', '2026-03-31', 48, 4),
(3429847, '2026-02-15', '2026-03-18', 16, 4),
(3429880, '2026-02-17', '2026-03-10', 128, 4),
(3429902, '2026-02-15', '2026-02-25', 128, 4),
(3429913, '2026-02-16', '2026-03-04', 73, 4),
(3429936, '2026-02-15', '2026-03-12', 73, 4),
(3430211, '2026-02-19', '2026-04-23', 172, 4),
(3430214, '2026-02-18', '2026-03-11', 22, 4),
(3430224, '2026-02-16', '2026-03-18', 22, 4),
(3430228, '2026-02-18', '2026-02-19', 84, 4),
(3430229, '2026-02-19', '2026-02-26', 128, 4),
(3430235, '2026-02-17', '2026-04-14', 175, 4),
(3430237, '2026-02-16', '2026-04-10', 74, 4),
(3430243, '2026-02-16', '2026-02-26', 6, 4),
(3430246, '2026-02-18', '2026-03-19', 169, 4),
(3430260, '2026-02-17', '2026-04-16', 69, 4),
(3430280, '2026-02-18', '2026-02-27', 9, 4),
(3430291, '2026-02-18', '2026-04-08', 1, 4),
(3430313, '2026-02-18', '2026-03-18', 34, 4),
(3430322, '2026-02-20', '2026-03-13', 145, 4),
(3430337, '2026-02-20', '2026-04-24', 54, 4),
(3430347, '2026-02-18', '2026-02-26', 25, 4),
(3430353, '2026-02-16', '2026-03-19', 34, 4),
(3430367, '2026-02-19', '2026-03-26', 130, 4),
(3430382, '2026-02-19', '2026-03-19', 20, 4),
(3430404, '2026-02-18', '2026-04-09', 39, 4),
(3430423, '2026-02-18', '2026-05-20', 33, 4),
(3430453, '2026-02-19', '2026-05-28', 33, 1),
(3430464, '2026-02-20', '2026-06-05', 33, 1),
(3430482, '2026-02-16', '2026-04-14', 33, 4),
(3431213, '2026-02-19', '2026-02-20', 94, 4),
(3431285, '2026-02-27', '2026-02-28', 12, 4),
(3431734, '2026-02-18', '2026-02-28', 173, 4),
(3431922, '2026-02-19', '2026-03-19', 30, 4),
(3432009, '2026-02-17', '2026-04-21', 172, 4),
(3432118, '2026-02-17', '2026-03-17', 47, 4),
(3432267, '2026-02-17', '2026-03-02', 128, 4),
(3432375, '2026-02-17', '2026-03-10', 9, 4),
(3432514, '2026-02-17', '2026-04-20', 123, 4),
(3432524, '2026-02-17', '2026-03-24', 30, 4),
(3432537, '2026-02-23', '2027-05-22', 227, 1),
(3432570, '2026-02-17', '2026-03-10', 151, 4),
(3432587, '2026-02-17', '2026-03-17', 14, 4),
(3432606, '2026-02-17', '2026-03-24', 34, 4),
(3432615, '2026-02-17', '2026-03-24', 51, 4),
(3432725, '2026-02-25', '2026-03-19', 9, 4),
(3432795, '2026-02-21', '2026-04-11', 175, 4),
(3433319, '2026-02-19', '2026-04-23', 14, 4),
(3433423, '2026-02-20', '2026-03-13', 24, 4),
(3433493, '2026-02-27', '2026-04-10', 53, 4),
(3433543, '2026-02-18', '2026-03-25', 41, 4),
(3433602, '2026-02-19', '2026-04-16', 107, 4),
(3433642, '2026-02-18', '2026-04-15', 107, 4),
(3433705, '2026-02-20', '2026-04-17', 107, 4),
(3433759, '2026-02-23', '2026-04-20', 107, 4),
(3434289, '2026-02-18', '2026-06-03', 179, 1),
(3434325, '2026-02-18', '2026-05-20', 123, 4),
(3434377, '2026-02-20', '2026-03-27', 49, 4),
(3435025, '2026-02-20', '2026-04-24', 66, 4),
(3435208, '2026-02-20', '2026-04-06', 51, 4),
(3435310, '2026-02-22', '2026-03-16', 14, 4),
(3435401, '2026-02-19', '2026-05-28', 123, 1),
(3435553, '2026-02-20', '2026-06-12', 123, 1),
(3435601, '2026-02-20', '2026-03-20', 16, 4),
(3435897, '2026-02-19', '2026-02-20', 84, 4),
(3436613, '2026-02-19', '2026-04-23', 14, 4),
(3436632, '2026-02-19', '2026-06-11', 179, 1),
(3436651, '2026-02-19', '2026-03-19', 41, 4),
(3436660, '2026-02-19', '2026-04-09', 1, 4),
(3436667, '2026-02-19', '2026-03-19', 125, 4),
(3437149, '2026-02-23', '2026-02-26', 89, 4),
(3437232, '2026-02-21', '2026-04-11', 43, 4),
(3437301, '2026-03-02', '2026-06-01', 39, 1),
(3437418, '2026-02-23', '2026-03-30', 30, 4),
(3437460, '2026-02-23', '2026-03-30', 20, 4),
(3437468, '2026-02-20', '2026-04-24', 66, 4),
(3437500, '2026-02-23', '2026-03-16', 145, 4),
(3437515, '2026-02-20', '2026-04-06', 51, 4),
(3437541, '2026-02-20', '2026-03-20', 47, 4),
(3438111, '2026-02-20', '2026-03-04', 106, 4),
(3438177, '2026-03-02', '2026-06-01', 39, 1),
(3438267, '2026-03-06', '2026-05-29', 136, 1),
(3438400, '2026-02-20', '2026-03-27', 193, 4),
(3438401, '2026-02-20', '2026-03-05', 206, 4),
(3438402, '2026-02-20', '2026-03-05', 206, 4),
(3438403, '2026-02-20', '2026-03-27', 193, 4),
(3438670, '2026-02-20', '2026-03-27', 49, 4),
(3438681, '2026-02-20', '2026-03-06', 143, 4),
(3439014, '2026-03-03', '2026-05-19', 358, 4),
(3439102, '2026-03-02', '2026-06-01', 358, 1),
(3439232, '2026-02-24', '2026-03-24', 45, 4),
(3439377, '2026-02-24', '2026-04-21', 107, 4),
(3439400, '2026-03-05', '2026-05-28', 42, 1),
(3439467, '2026-02-26', '2026-04-09', 366, 4),
(3439633, '2026-02-27', '2026-04-10', 81, 4),
(3440355, '2026-02-21', '2026-02-27', 78, 4),
(3440801, '2026-03-04', '2026-05-20', 42, 4),
(3440851, '2026-03-02', '2026-04-13', 52, 4),
(3440892, '2026-03-02', '2026-06-01', 27, 1),
(3440918, '2026-03-02', '2026-06-01', 143, 1),
(3441019, '2026-03-02', '2027-06-01', 236, 1),
(3441693, '2026-02-23', '2026-02-27', 78, 4),
(3441700, '2026-02-24', '2026-03-24', 47, 4),
(3441710, '2026-02-23', '2026-04-13', 1, 4),
(3441728, '2026-02-27', '2026-04-24', 39, 4),
(3441732, '2026-02-24', '2026-04-28', 39, 4),
(3441956, '2026-02-26', '2026-03-26', 45, 4),
(3442375, '2026-03-02', '2027-11-30', 276, 1),
(3442394, '2026-02-25', '2026-03-12', 77, 4),
(3442459, '2026-02-25', '2026-03-12', 77, 4),
(3442460, '2026-02-24', '2026-02-27', 78, 4),
(3442550, '2026-02-25', '2026-02-27', 78, 4),
(3442616, '2026-02-24', '2026-04-21', 50, 4),
(3442667, '2026-02-26', '2026-02-28', 78, 4),
(3442695, '2026-03-02', '2027-11-30', 290, 1),
(3443312, '2026-03-02', '2027-11-30', 308, 1),
(3443323, '2026-03-04', '2026-05-28', 39, 1),
(3443358, '2026-03-02', '2027-11-30', 290, 1),
(3443377, '2026-03-02', '2027-11-30', 276, 1),
(3443379, '2026-03-05', '2026-05-28', 133, 1),
(3443423, '2026-03-04', '2026-05-20', 52, 4),
(3443472, '2026-03-03', '2026-05-19', 38, 4),
(3443486, '2026-03-02', '2027-11-30', 282, 1),
(3443552, '2026-03-02', '2027-11-30', 277, 1),
(3443558, '2026-03-04', '2026-05-06', 64, 4),
(3443569, '2026-03-02', '2027-11-30', 290, 1),
(3443609, '2026-03-02', '2027-11-30', 297, 1),
(3443670, '2026-03-02', '2027-11-30', 218, 1),
(3443720, '2026-03-02', '2027-11-30', 266, 1),
(3443827, '2026-03-03', '2026-05-19', 196, 4),
(3443892, '2026-03-06', '2026-06-05', 356, 1),
(3443934, '2026-03-04', '2026-05-20', 29, 4),
(3443940, '2026-03-05', '2026-05-28', 29, 1),
(3444018, '2026-03-03', '2026-05-05', 40, 4),
(3444021, '2026-03-02', '2027-11-30', 298, 1),
(3444071, '2026-03-02', '2026-05-11', 40, 4),
(3444176, '2026-03-02', '2027-11-30', 276, 1),
(3444267, '2026-03-02', '2027-11-30', 266, 1),
(3444533, '2026-03-03', '2026-05-19', 368, 4),
(3444696, '2026-03-04', '2026-05-20', 143, 4),
(3444723, '2026-03-02', '2027-11-30', 284, 1),
(3444760, '2026-03-02', '2027-11-30', 250, 1),
(3444765, '2026-03-04', '2026-05-20', 136, 4),
(3444800, '2026-03-02', '2027-11-30', 297, 1),
(3444822, '2026-03-05', '2026-05-28', 136, 1),
(3444929, '2026-03-02', '2027-11-30', 277, 1),
(3445019, '2026-03-02', '2027-11-30', 276, 1),
(3445066, '2026-03-03', '2026-05-28', 367, 1),
(3445083, '2026-03-02', '2027-11-30', 282, 1),
(3445131, '2026-03-02', '2027-11-30', 266, 1),
(3445142, '2026-03-05', '2026-05-28', 52, 1),
(3445322, '2026-03-02', '2027-11-30', 280, 1),
(3445378, '2026-03-02', '2027-11-30', 297, 1),
(3445517, '2026-02-27', '2026-03-05', 78, 4),
(3445562, '2026-02-26', '2026-02-28', 78, 4),
(3445622, '2026-03-24', '2026-03-27', 89, 4),
(3445643, '2026-03-02', '2027-11-30', 306, 1),
(3445661, '2026-03-30', '2026-03-31', 12, 4),
(3446306, '2026-03-02', '2027-11-30', 282, 1),
(3446332, '2026-03-02', '2027-11-30', 297, 1),
(3446673, '2026-03-02', '2027-11-30', 250, 1),
(3446853, '2026-03-02', '2027-11-30', 298, 1),
(3446883, '2026-03-02', '2027-11-30', 297, 1),
(3446903, '2026-03-02', '2027-11-30', 282, 1),
(3446909, '2026-03-03', '2026-04-07', 112, 4),
(3446999, '2026-03-03', '2026-03-24', 71, 4),
(3447025, '2026-03-02', '2027-11-30', 293, 1),
(3447061, '2026-03-02', '2027-12-10', 218, 1),
(3447072, '2026-03-04', '2026-03-13', 71, 4),
(3447123, '2026-03-02', '2027-11-30', 311, 1),
(3447167, '2026-03-02', '2027-11-30', 218, 1),
(3447294, '2026-03-02', '2027-11-30', 250, 1),
(3447345, '2026-03-02', '2027-11-30', 284, 1),
(3447402, '2026-03-02', '2027-11-30', 281, 1),
(3447540, '2026-02-27', '2026-03-27', 125, 4),
(3447557, '2026-03-05', '2028-06-04', 243, 1),
(3447607, '2026-03-05', '2027-06-04', 246, 1),
(3447629, '2026-03-02', '2027-11-30', 218, 1),
(3447632, '2026-03-02', '2027-06-01', 230, 1),
(3447637, '2026-03-02', '2027-11-30', 218, 1),
(3447640, '2026-03-02', '2027-11-30', 284, 1),
(3447641, '2026-03-02', '2027-11-30', 290, 1),
(3447644, '2026-03-02', '2026-03-25', 11, 4),
(3447665, '2026-03-05', '2026-03-18', 71, 4),
(3447684, '2026-03-05', '2026-05-28', 97, 1),
(3447688, '2026-03-02', '2027-11-30', 218, 1),
(3447704, '2026-03-02', '2027-11-30', 280, 1),
(3447742, '2026-03-02', '2027-11-30', 218, 1),
(3447755, '2026-03-02', '2027-11-30', 250, 1),
(3447796, '2026-03-02', '2027-11-30', 298, 1),
(3447801, '2026-03-04', '2026-05-27', 97, 1),
(3447803, '2026-03-02', '2027-11-30', 288, 1),
(3447826, '2026-03-02', '2027-11-30', 284, 1),
(3447880, '2026-03-02', '2027-11-30', 297, 1),
(3447888, '2026-03-02', '2026-03-03', 28, 4),
(3447900, '2026-03-02', '2027-11-30', 316, 1),
(3447939, '2026-03-06', '2026-06-05', 29, 1),
(3447953, '2026-03-02', '2027-11-30', 298, 1),
(3447954, '2026-03-02', '2027-11-30', 266, 1),
(3448002, '2026-03-03', '2026-04-27', 152, 4),
(3448023, '2026-03-16', '2026-03-30', 19, 4),
(3448032, '2026-03-02', '2027-11-30', 250, 1),
(3448057, '2026-03-02', '2027-11-30', 297, 1),
(3448093, '2026-03-03', '2026-04-21', 152, 4),
(3448101, '2026-03-02', '2027-11-30', 284, 1),
(3448131, '2026-03-02', '2027-11-30', 250, 1),
(3448158, '2026-03-02', '2027-11-30', 218, 1),
(3448161, '2026-03-05', '2026-04-30', 152, 4),
(3448191, '2026-03-02', '2027-11-30', 218, 1),
(3448243, '2026-03-06', '2026-04-17', 36, 4),
(3448254, '2026-03-02', '2027-11-30', 278, 1),
(3448274, '2026-03-02', '2027-11-30', 218, 1),
(3448285, '2026-03-02', '2027-11-30', 250, 1),
(3448331, '2026-03-02', '2027-11-30', 250, 1),
(3448333, '2026-03-04', '2026-04-22', 152, 4),
(3448347, '2026-03-02', '2027-11-30', 277, 1),
(3448379, '2026-03-02', '2027-11-30', 313, 1),
(3448385, '2026-03-01', '2026-03-02', 84, 4),
(3448408, '2026-03-02', '2027-11-30', 277, 1),
(3448410, '2026-03-02', '2027-11-30', 280, 1),
(3448418, '2026-03-03', '2026-03-04', 84, 4),
(3448419, '2026-03-02', '2027-11-30', 282, 1),
(3448496, '2026-03-06', '2026-04-24', 152, 4),
(3448555, '2026-03-02', '2027-11-30', 298, 1),
(3448622, '2026-03-02', '2027-11-30', 281, 1),
(3448652, '2026-03-02', '2027-11-30', 250, 1),
(3448657, '2026-03-02', '2027-11-30', 282, 1),
(3448690, '2026-03-02', '2027-11-30', 266, 1),
(3448722, '2026-03-02', '2027-11-30', 298, 1),
(3448724, '2026-03-02', '2027-11-30', 288, 1),
(3448738, '2026-03-02', '2027-11-30', 281, 1),
(3448740, '2026-03-02', '2027-11-30', 282, 1),
(3448818, '2026-03-09', '2027-06-08', 291, 1),
(3448872, '2026-03-03', '2026-05-05', 64, 4),
(3448879, '2026-03-02', '2026-03-03', 84, 4),
(3448885, '2026-03-06', '2026-06-05', 35, 1),
(3448888, '2026-03-02', '2026-06-01', 86, 1),
(3448909, '2026-03-03', '2026-05-19', 113, 4),
(3448935, '2026-03-06', '2026-06-05', 113, 1),
(3448947, '2026-03-02', '2026-04-13', 56, 4),
(3448960, '2026-03-03', '2026-04-07', 56, 4),
(3448978, '2026-03-02', '2027-11-30', 298, 1),
(3448981, '2026-03-02', '2027-11-30', 250, 1),
(3448993, '2026-03-02', '2027-11-30', 282, 1),
(3448994, '2026-03-02', '2027-11-30', 282, 1),
(3448996, '2026-03-05', '2026-04-16', 112, 4),
(3449003, '2026-03-02', '2027-11-30', 276, 1),
(3449006, '2026-03-02', '2027-11-30', 277, 1),
(3449009, '2026-03-02', '2027-11-30', 298, 1),
(3449012, '2026-03-02', '2027-11-30', 277, 1),
(3449026, '2026-03-02', '2027-11-30', 250, 1),
(3449027, '2026-03-02', '2027-11-30', 218, 1),
(3449029, '2026-03-02', '2027-11-30', 280, 1),
(3449031, '2026-03-02', '2027-11-30', 297, 1),
(3449033, '2026-03-02', '2027-11-30', 276, 1),
(3449034, '2026-03-02', '2027-11-30', 297, 1),
(3449040, '2026-03-02', '2027-11-30', 250, 1),
(3449048, '2026-03-02', '2027-11-30', 282, 1),
(3449049, '2026-03-02', '2027-11-30', 250, 1),
(3449052, '2026-03-02', '2027-11-30', 266, 1),
(3449058, '2026-03-02', '2027-11-30', 277, 1),
(3449063, '2026-03-02', '2027-11-30', 266, 1),
(3449064, '2026-03-02', '2027-11-30', 280, 1),
(3449066, '2026-03-02', '2027-11-30', 280, 1),
(3449147, '2026-03-02', '2027-11-30', 218, 1),
(3449159, '2026-03-02', '2027-11-30', 298, 1),
(3449177, '2026-03-02', '2027-11-30', 290, 1),
(3449181, '2026-03-02', '2027-11-30', 284, 1),
(3449183, '2026-03-02', '2027-11-30', 282, 1),
(3449187, '2026-03-02', '2027-11-30', 282, 1),
(3449194, '2026-03-02', '2027-11-30', 282, 1),
(3449196, '2026-03-02', '2027-11-30', 266, 1),
(3449201, '2026-03-02', '2027-11-30', 277, 1),
(3449226, '2026-03-02', '2027-11-30', 295, 1),
(3449227, '2026-03-02', '2027-11-30', 218, 1),
(3449242, '2026-03-02', '2027-11-30', 218, 1),
(3449243, '2026-03-02', '2027-11-30', 218, 1),
(3449244, '2026-03-02', '2027-11-30', 290, 1),
(3449245, '2026-03-02', '2027-11-30', 280, 1),
(3449246, '2026-03-02', '2027-11-30', 277, 1),
(3449247, '2026-03-02', '2027-11-30', 276, 1),
(3449248, '2026-03-02', '2027-11-30', 286, 1),
(3449249, '2026-03-02', '2027-11-30', 298, 1),
(3449250, '2026-03-02', '2027-11-30', 297, 1),
(3449251, '2026-03-02', '2027-11-30', 308, 1),
(3449252, '2026-03-02', '2027-11-30', 286, 1),
(3449253, '2026-03-02', '2027-11-30', 218, 1),
(3449254, '2026-03-02', '2027-11-30', 308, 1),
(3449255, '2026-03-02', '2027-11-30', 286, 1),
(3449257, '2026-03-02', '2027-11-30', 297, 1),
(3449258, '2026-03-02', '2027-11-30', 250, 1),
(3449259, '2026-03-02', '2027-11-30', 282, 1),
(3449268, '2026-03-02', '2027-11-30', 276, 1),
(3449269, '2026-03-02', '2027-11-30', 298, 1),
(3449284, '2026-03-04', '2026-04-10', 41, 4),
(3449299, '2026-03-02', '2026-04-13', 49, 4),
(3449304, '2026-03-02', '2026-03-30', 41, 4),
(3449306, '2026-03-02', '2026-03-30', 49, 4),
(3449307, '2026-03-02', '2026-04-13', 47, 4),
(3449323, '2026-03-06', '2026-04-10', 128, 4),
(3449327, '2026-03-02', '2026-04-13', 6, 4),
(3449329, '2026-03-02', '2026-04-06', 140, 4),
(3449396, '2026-03-04', '2026-03-27', 135, 4),
(3449398, '2026-03-05', '2026-03-27', 26, 4),
(3449420, '2026-03-11', '2026-04-15', 48, 4),
(3449422, '2026-03-02', '2026-04-08', 378, 4),
(3449423, '2026-03-03', '2026-04-14', 6, 4),
(3449437, '2026-03-04', '2026-04-01', 21, 4),
(3449439, '2026-03-02', '2026-06-01', 58, 1),
(3449448, '2026-03-02', '2026-04-13', 31, 4),
(3449454, '2026-03-02', '2027-06-01', 213, 1),
(3449459, '2026-03-05', '2027-02-05', 258, 1),
(3449551, '2026-03-06', '2026-05-22', 91, 4),
(3449552, '2026-03-05', '2026-06-04', 86, 1),
(3449606, '2026-03-09', '2026-03-10', 28, 4),
(3449675, '2026-03-13', '2026-03-16', 13, 4),
(3450086, '2026-03-04', '2026-04-08', 6, 4),
(3450092, '2026-03-03', '2027-11-30', 282, 1),
(3450105, '2026-03-03', '2026-04-21', 108, 4),
(3450138, '2026-03-05', '2026-06-04', 39, 1),
(3450218, '2026-03-05', '2026-04-07', 114, 4),
(3450262, '2026-03-03', '2027-11-30', 276, 1),
(3450265, '2026-03-05', '2026-04-10', 6, 4),
(3450289, '2026-03-03', '2026-04-14', 86, 4),
(3450345, '2026-03-03', '2026-05-19', 113, 4),
(3450356, '2026-03-03', '2027-11-30', 290, 1),
(3450368, '2026-03-26', '2026-04-17', 56, 4),
(3450399, '2026-03-05', '2026-03-20', 56, 4),
(3450400, '2026-03-03', '2027-11-30', 290, 1),
(3450449, '2026-03-03', '2026-04-07', 96, 4),
(3450504, '2026-03-03', '2026-05-19', 101, 4),
(3450526, '2026-03-03', '2027-11-30', 250, 1),
(3450546, '2026-03-05', '2026-04-16', 96, 4),
(3450585, '2026-03-07', '2026-05-23', 4, 4),
(3450667, '2026-03-07', '2026-06-01', 111, 1),
(3450722, '2026-03-04', '2026-05-20', 196, 4),
(3451113, '2026-03-05', '2026-05-28', 4, 1),
(3451128, '2026-03-04', '2026-05-20', 58, 4),
(3451136, '2026-03-07', '2026-05-19', 167, 4),
(3451183, '2026-03-06', '2026-07-03', 133, 1),
(3451305, '2026-03-06', '2026-06-05', 133, 1),
(3451412, '2026-03-16', '2026-03-30', 56, 4),
(3451544, '2026-03-04', '2026-03-07', 89, 4),
(3451550, '2026-03-06', '2026-04-07', 202, 4),
(3451551, '2026-03-06', '2026-04-07', 202, 4),
(3451552, '2026-03-06', '2026-04-07', 191, 4),
(3451553, '2026-03-06', '2026-04-07', 191, 4),
(3451554, '2026-03-06', '2026-04-07', 191, 4),
(3451555, '2026-03-06', '2026-04-07', 191, 4),
(3451592, '2026-03-17', '2026-03-20', 134, 4),
(3451671, '2026-03-04', '2026-04-23', 365, 4),
(3451914, '2026-03-12', '2026-04-17', 208, 4),
(3451915, '2026-03-12', '2026-04-17', 208, 4),
(3451916, '2026-03-12', '2026-04-17', 208, 4),
(3451917, '2026-03-12', '2026-04-17', 208, 4),
(3451937, '2026-03-06', '2026-04-13', 122, 4),
(3451946, '2026-03-06', '2026-04-13', 122, 4),
(3451947, '2026-03-06', '2026-04-13', 122, 4),
(3451951, '2026-03-06', '2026-04-13', 122, 4),
(3451952, '2026-03-06', '2026-04-14', 193, 4),
(3451953, '2026-03-06', '2026-04-14', 193, 4),
(3452044, '2026-03-12', '2026-04-17', 203, 4),
(3452045, '2026-03-12', '2026-04-17', 203, 4),
(3452057, '2026-03-12', '2026-04-17', 199, 4),
(3452058, '2026-03-12', '2026-04-17', 199, 4),
(3452059, '2026-03-12', '2026-04-17', 199, 4),
(3452060, '2026-03-12', '2026-04-17', 199, 4),
(3452078, '2026-03-19', '2026-06-01', 71, 1),
(3452258, '2026-03-07', '2026-04-01', 45, 4),
(3453152, '2026-03-06', '2026-04-07', 204, 4),
(3453154, '2026-03-06', '2026-04-07', 204, 4),
(3453296, '2026-03-07', '2026-05-28', 17, 1),
(3453316, '2026-03-07', '2026-05-14', 64, 4),
(3453363, '2026-03-07', '2026-04-08', 96, 4),
(3453399, '2026-03-06', '2026-04-08', 113, 4),
(3453426, '2026-03-07', '2026-04-15', 110, 4),
(3453451, '2026-03-09', '2026-04-14', 212, 4),
(3453467, '2026-03-13', '2026-04-14', 211, 4),
(3453473, '2026-03-09', '2026-04-14', 205, 4),
(3453474, '2026-03-13', '2026-04-14', 201, 4),
(3453510, '2026-03-07', '2026-05-28', 68, 1),
(3453613, '2026-03-08', '2026-05-20', 17, 4),
(3453639, '2026-03-08', '2026-04-13', 110, 4),
(3453937, '2026-03-06', '2026-03-27', 71, 4),
(3453995, '2026-03-12', '2026-04-17', 190, 4),
(3453996, '2026-03-12', '2026-04-17', 190, 4),
(3454008, '2026-03-12', '2026-04-17', 190, 4),
(3454009, '2026-03-12', '2026-04-17', 190, 4),
(3454139, '2026-03-07', '2026-05-26', 75, 1),
(3454223, '2026-03-11', '2026-05-27', 83, 1),
(3454353, '2026-03-10', '2026-05-19', 17, 4),
(3455300, '2026-03-06', '2026-04-10', 60, 4),
(3455303, '2026-03-06', '2026-07-17', 179, 1),
(3455317, '2026-03-09', '2027-06-08', 227, 1),
(3455367, '2026-03-07', '2026-04-09', 21, 4),
(3455379, '2026-03-14', '2027-06-13', 236, 1),
(3455438, '2026-03-11', '2026-06-01', 83, 1),
(3455463, '2026-03-10', '2026-05-26', 83, 1),
(3455467, '2026-03-07', '2026-06-05', 167, 1),
(3455475, '2026-03-10', '2026-05-26', 58, 1),
(3455486, '2026-03-12', '2026-06-04', 83, 1),
(3455528, '2026-03-07', '2026-06-05', 83, 1),
(3455609, '2026-04-06', '2026-05-11', 34, 4),
(3455640, '2026-03-08', '2026-04-15', 34, 4),
(3455686, '2026-03-07', '2026-05-28', 90, 1),
(3455707, '2026-03-24', '2026-04-28', 34, 4),
(3455849, '2026-03-07', '2026-04-17', 392, 4),
(3456193, '2026-03-07', '2026-05-28', 58, 1),
(3456276, '2026-03-10', '2026-04-21', 135, 4),
(3456419, '2026-03-07', '2026-04-11', 34, 4),
(3456446, '2026-03-07', '2026-04-07', 20, 4),
(3456451, '2026-03-07', '2026-06-05', 101, 1),
(3456484, '2026-03-09', '2026-06-02', 65, 1),
(3456485, '2026-03-13', '2026-04-09', 73, 4),
(3456494, '2026-03-12', '2026-06-04', 154, 1),
(3456501, '2026-04-01', '2028-07-01', 235, 1),
(3456536, '2026-03-09', '2027-06-08', 259, 1),
(3456548, '2026-03-20', '2026-04-24', 164, 4),
(3456646, '2026-03-09', '2028-06-08', 235, 1),
(3456764, '2026-04-14', '2026-05-20', 110, 4),
(3457043, '2026-03-11', '2026-04-15', 8, 4),
(3457184, '2026-03-12', '2026-04-23', 8, 4),
(3457311, '2026-03-14', '2026-04-24', 88, 4),
(3457328, '2026-03-12', '2026-04-09', 47, 4),
(3457348, '2026-03-15', '2026-05-31', 188, 1),
(3457395, '2026-03-09', '2026-03-24', 128, 4),
(3457444, '2026-03-20', '2026-05-07', 34, 4),
(3457447, '2026-03-27', '2026-05-15', 130, 4),
(3457463, '2026-03-07', '2026-04-07', 49, 4),
(3457470, '2026-03-07', '2026-05-11', 54, 4),
(3457475, '2026-03-12', '2026-05-07', 1, 4),
(3457478, '2026-03-20', '2026-04-01', 41, 4),
(3457496, '2026-03-16', '2026-04-15', 85, 4),
(3457641, '2026-03-12', '2026-04-07', 22, 4),
(3457680, '2026-03-10', '2026-04-07', 1, 4),
(3457685, '2026-03-11', '2026-04-10', 114, 4),
(3457714, '2026-03-17', '2026-04-21', 140, 4),
(3457716, '2026-03-27', '2026-06-12', 172, 1),
(3457719, '2026-03-18', '2026-04-15', 14, 4),
(3457733, '2026-03-15', '2026-05-10', 26, 4),
(3457751, '2026-03-14', '2026-05-09', 26, 4),
(3457762, '2026-03-10', '2026-03-31', 117, 4),
(3457768, '2026-03-18', '2026-04-29', 390, 4),
(3457774, '2026-03-12', '2026-04-09', 145, 4),
(3457777, '2026-03-21', '2026-04-20', 145, 4),
(3457974, '2026-03-30', '2026-04-27', 14, 4),
(3458846, '2026-03-19', '2026-04-01', 71, 4),
(3458972, '2026-03-10', '2026-05-19', 133, 4),
(3459025, '2026-03-10', '2026-05-19', 4, 4),
(3459192, '2026-03-11', '2026-05-20', 36, 4),
(3459255, '2026-03-13', '2026-06-05', 90, 1),
(3459305, '2026-03-12', '2026-05-21', 133, 4),
(3459387, '2026-03-13', '2026-04-24', 56, 4),
(3459492, '2026-03-11', '2026-06-03', 195, 1),
(3459622, '2026-03-12', '2026-04-23', 36, 4),
(3459849, '2026-03-10', '2026-04-21', 81, 4),
(3460211, '2026-03-11', '2026-04-24', 81, 4),
(3460212, '2026-03-24', '2026-04-21', 14, 4),
(3460216, '2026-03-31', '2026-05-05', 8, 4),
(3460237, '2026-03-16', '2026-04-27', 81, 4),
(3460239, '2026-03-27', '2026-05-08', 8, 4),
(3460243, '2026-03-10', '2026-03-17', 49, 4),
(3460244, '2026-03-11', '2026-04-08', 375, 4),
(3460246, '2026-03-19', '2026-03-26', 49, 4),
(3460252, '2026-03-11', '2026-05-26', 167, 1),
(3460254, '2026-03-12', '2026-04-23', 49, 4),
(3460262, '2026-03-14', '2026-05-26', 91, 1),
(3460306, '2026-03-14', '2026-05-19', 103, 4),
(3460312, '2026-03-13', '2026-04-17', 124, 4),
(3460377, '2026-03-11', '2026-04-15', 129, 4),
(3460671, '2026-03-12', '2026-03-13', 78, 4),
(3460764, '2026-03-21', '2026-05-30', 44, 1),
(3460830, '2026-03-11', '2026-03-16', 28, 4),
(3460943, '2026-03-23', '2026-03-24', 3, 4),
(3460958, '2026-03-13', '2026-03-14', 3, 4),
(3460978, '2026-03-16', '2026-03-30', 157, 4),
(3461005, '2026-04-10', '2026-04-29', 369, 4),
(3461162, '2026-03-18', '2026-03-21', 79, 4),
(3461802, '2026-03-25', '2026-04-29', 30, 4),
(3461826, '2026-03-12', '2026-03-20', 116, 4),
(3461839, '2026-03-21', '2026-04-11', 80, 4),
(3462250, '2026-03-12', '2026-03-18', 388, 4),
(3462303, '2026-03-17', '2026-05-26', 149, 1),
(3462363, '2026-03-16', '2026-07-06', 90, 1),
(3462475, '2026-03-12', '2026-06-22', 146, 1),
(3462493, '2026-03-16', '2026-05-11', 108, 4),
(3462511, '2026-03-12', '2026-04-23', 124, 4),
(3462526, '2026-03-13', '2026-06-12', 4, 1),
(3462570, '2026-03-14', '2026-04-14', 124, 4),
(3462591, '2026-03-14', '2026-04-20', 31, 4),
(3463102, '2026-03-13', '2026-04-24', 124, 4),
(3463481, '2026-03-13', '2026-04-24', 170, 4),
(3463575, '2026-03-14', '2026-04-27', 46, 4),
(3464443, '2026-03-14', '2026-04-01', 382, 4),
(3464508, '2026-05-04', '2026-05-22', 394, 4),
(3464574, '2026-03-14', '2026-06-01', 113, 1),
(3464657, '2026-03-16', '2027-06-16', 255, 1),
(3464784, '2026-03-14', '2026-03-19', 78, 4),
(3464918, '2026-03-15', '2026-06-05', 111, 1),
(3465110, '2026-03-16', '2026-04-04', 166, 4),
(3465176, '2026-03-14', '2026-04-07', 184, 4),
(3465529, '2026-03-20', '2026-04-10', 45, 4),
(3465961, '2026-04-10', '2028-07-09', 214, 1),
(3465962, '2026-04-10', '2028-07-09', 214, 1),
(3466093, '2026-04-10', '2028-07-09', 222, 1),
(3466094, '2026-04-10', '2028-07-09', 222, 1),
(3466149, '2026-04-10', '2028-07-09', 343, 1),
(3466150, '2026-04-10', '2028-07-09', 343, 1),
(3466189, '2026-04-10', '2027-07-09', 352, 1),
(3466280, '2026-04-10', '2028-07-09', 351, 1),
(3466308, '2026-04-10', '2028-07-09', 341, 1),
(3466342, '2026-04-10', '2028-07-09', 337, 1),
(3466778, '2026-03-18', '2026-04-09', 11, 4),
(3467037, '2026-03-21', '2026-04-20', 152, 4),
(3467056, '2026-03-20', '2026-03-21', 78, 4),
(3467088, '2026-03-17', '2026-04-13', 140, 4),
(3467213, '2026-03-17', '2026-06-02', 86, 1),
(3467247, '2026-03-21', '2026-06-22', 58, 1),
(3467308, '2026-03-17', '2026-06-02', 131, 1),
(3467589, '2026-03-26', '2026-04-30', 47, 4),
(3467633, '2026-04-01', '2026-04-28', 130, 4),
(3467677, '2026-03-23', '2026-04-06', 28, 4),
(3467688, '2026-03-24', '2026-04-28', 49, 4),
(3467701, '2026-03-25', '2026-04-29', 47, 4),
(3467834, '2026-03-20', '2026-06-12', 86, 1),
(3467843, '2026-03-18', '2026-04-08', 144, 4),
(3467875, '2026-03-18', '2026-05-19', 108, 4),
(3467921, '2026-03-29', '2026-04-20', 144, 4),
(3468032, '2026-03-24', '2026-04-07', 144, 4),
(3468119, '2026-03-20', '2026-06-12', 155, 1),
(3468297, '2026-03-20', '2026-05-15', 116, 4),
(3468313, '2026-03-18', '2026-06-03', 32, 1),
(3468323, '2026-03-25', '2026-05-06', 119, 4),
(3468340, '2026-03-18', '2027-06-18', 229, 1),
(3468384, '2026-03-18', '2026-04-09', 115, 4),
(3469063, '2026-03-20', '2026-04-22', 34, 4),
(3469069, '2026-03-30', '2026-05-04', 34, 4),
(3469121, '2026-04-06', '2026-04-15', 176, 4),
(3469183, '2026-03-19', '2026-04-08', 185, 4),
(3469214, '2026-03-19', '2027-06-17', 261, 1),
(3469343, '2026-03-19', '2026-03-20', 3, 4),
(3469478, '2026-03-19', '2026-03-20', 3, 4),
(3469515, '2026-03-26', '2026-03-27', 3, 4),
(3469583, '2026-03-26', '2026-03-27', 3, 4),
(3470071, '2026-03-24', '2026-03-28', 378, 4),
(3470079, '2026-03-28', '2026-04-07', 71, 4),
(3470094, '2026-03-20', '2026-03-27', 71, 4),
(3470111, '2026-04-08', '2026-04-14', 71, 4),
(3470214, '2026-04-06', '2026-04-07', 3, 4),
(3470223, '2026-03-20', '2026-04-17', 373, 4),
(3470239, '2026-04-06', '2026-04-07', 3, 4),
(3470263, '2026-03-30', '2026-05-26', 178, 1),
(3470503, '2026-03-21', '2026-04-22', 86, 4),
(3470590, '2026-03-20', '2026-05-08', 17, 4),
(3470722, '2026-03-20', '2026-06-05', 91, 1),
(3470824, '2026-03-24', '2026-06-09', 90, 1),
(3470842, '2026-03-20', '2026-06-05', 64, 1),
(3470848, '2026-03-20', '2026-03-25', 71, 4),
(3470865, '2026-03-21', '2026-04-14', 96, 4),
(3470887, '2026-03-21', '2026-05-25', 175, 1),
(3470929, '2026-03-20', '2026-04-30', 61, 4),
(3471387, '2026-04-09', '2026-04-10', 3, 4),
(3471401, '2026-04-13', '2026-04-14', 3, 4),
(3471413, '2026-04-09', '2026-04-10', 84, 4),
(3471430, '2026-04-07', '2026-04-08', 84, 4),
(3471469, '2026-03-25', '2027-06-24', 266, 1),
(3471654, '2026-03-17', '2027-06-16', 256, 1),
(3471936, '2026-03-18', '2027-06-17', 219, 1),
(3472049, '2026-03-21', '2026-05-19', 58, 4),
(3472098, '2026-03-19', '2027-06-18', 238, 1),
(3472138, '2026-03-21', '2026-04-27', 96, 4),
(3472385, '2026-03-24', '2027-06-15', 260, 1),
(3472403, '2026-04-07', '2027-07-06', 232, 1),
(3472421, '2026-03-23', '2028-06-22', 228, 1),
(3472496, '2026-03-17', '2027-09-16', 215, 1),
(3472531, '2026-04-07', '2026-04-18', 23, 4),
(3472534, '2026-03-28', '2026-05-02', 45, 4),
(3472555, '2026-03-24', '2026-03-31', 10, 4),
(3472560, '2026-03-26', '2026-04-30', 34, 4),
(3472638, '2026-04-15', '2026-06-03', 164, 1),
(3472639, '2026-04-01', '2026-06-03', 172, 1),
(3472658, '2026-03-24', '2026-07-21', 179, 1),
(3472700, '2026-04-06', '2026-05-11', 16, 4),
(3472701, '2026-04-06', '2026-04-11', 62, 4),
(3472707, '2026-04-07', '2026-05-12', 16, 4),
(3472728, '2026-04-16', '2026-05-15', 48, 4),
(3472729, '2026-03-31', '2026-04-28', 47, 4),
(3472741, '2026-04-10', '2026-05-15', 145, 4),
(3472743, '2026-04-09', '2026-05-21', 49, 4),
(3472746, '2026-04-10', '2026-05-22', 49, 4),
(3472747, '2026-04-20', '2026-06-01', 49, 1),
(3472758, '2026-03-30', '2026-04-14', 206, 4),
(3472759, '2026-03-30', '2026-04-14', 206, 4),
(3472791, '2026-04-15', '2026-07-15', 39, 1),
(3472802, '2026-04-13', '2026-08-03', 39, 1),
(3472840, '2026-03-26', '2026-05-21', 175, 4),
(3472852, '2026-04-10', '2026-05-22', 96, 4),
(3472855, '2026-03-27', '2026-06-12', 167, 1),
(3472867, '2026-03-25', '2026-04-22', 138, 4),
(3472898, '2026-04-01', '2026-05-06', 124, 4),
(3473069, '2026-03-26', '2026-06-11', 183, 1),
(3473118, '2026-03-26', '2026-06-04', 167, 1),
(3473140, '2026-03-31', '2026-05-28', 384, 1),
(3473169, '2026-04-09', '2026-04-10', 13, 4),
(3473216, '2026-04-07', '2026-04-08', 13, 4),
(3473248, '2026-03-30', '2026-04-16', 383, 4),
(3473447, '2026-03-25', '2027-07-23', 272, 1),
(3473683, '2026-04-27', '2026-04-28', 13, 4),
(3473684, '2026-03-26', '2026-07-13', 86, 1);
INSERT INTO `ficha` (`id_ficha`, `fecha_inicio_f`, `fecha_fin_f`, `id_programa`, `id_estado`) VALUES
(3473694, '2026-03-26', '2026-06-17', 75, 1),
(3473742, '2026-03-26', '2026-06-18', 42, 1),
(3473794, '2026-03-30', '2026-07-27', 17, 1),
(3473867, '2026-03-27', '2026-04-28', 131, 4),
(3473950, '2026-04-17', '2026-04-18', 84, 4),
(3474070, '2026-03-27', '2026-03-28', 13, 4),
(3474141, '2026-03-26', '2026-04-09', 158, 4),
(3474201, '2026-04-10', '2026-04-15', 134, 4),
(3474430, '2026-03-26', '2026-05-28', 7, 1),
(3474916, '2026-03-27', '2026-03-28', 3, 4),
(3474925, '2026-04-06', '2026-05-29', 30, 1),
(3475042, '2026-03-27', '2026-03-31', 7, 4),
(3475199, '2026-04-06', '2027-07-05', 225, 1),
(3475209, '2026-04-08', '2026-06-24', 183, 1),
(3476210, '2026-04-08', '2026-05-06', 191, 4),
(3476211, '2026-04-08', '2026-05-06', 191, 4),
(3476212, '2026-04-08', '2026-05-06', 202, 4),
(3476213, '2026-04-08', '2026-05-06', 202, 4),
(3476214, '2026-04-08', '2026-05-06', 191, 4),
(3476224, '2026-04-08', '2026-05-06', 191, 4),
(3476257, '2026-04-08', '2027-07-07', 225, 1),
(3476296, '2026-03-28', '2026-05-27', 385, 1),
(3476414, '2026-03-28', '2026-06-25', 177, 1),
(3476495, '2026-03-30', '2026-04-06', 79, 4),
(3476761, '2026-04-07', '2026-04-10', 79, 4),
(3478174, '2026-04-08', '2026-05-06', 210, 4),
(3478186, '2026-04-08', '2026-05-06', 210, 4),
(3478353, '2026-04-15', '2026-05-13', 200, 4),
(3478382, '2026-04-15', '2026-05-13', 200, 4),
(3478384, '2026-04-15', '2026-05-13', 200, 4),
(3478385, '2026-04-15', '2026-05-13', 200, 4),
(3478450, '2026-04-10', '2026-06-01', 22, 1),
(3478474, '2026-04-08', '2026-05-14', 22, 4),
(3478481, '2026-04-13', '2026-05-25', 22, 1),
(3478482, '2026-04-09', '2026-05-14', 30, 4),
(3478518, '2026-04-15', '2026-05-13', 128, 4),
(3478570, '2026-04-20', '2026-08-10', 162, 1),
(3478875, '2026-04-01', '2026-05-06', 49, 4),
(3478882, '2026-04-08', '2026-05-14', 135, 4),
(3478899, '2026-04-06', '2026-05-11', 49, 4),
(3478935, '2026-04-09', '2026-05-14', 41, 4),
(3478947, '2026-04-21', '2026-06-09', 26, 1),
(3478955, '2026-04-20', '2026-05-25', 26, 1),
(3478965, '2026-04-07', '2026-04-24', 41, 4),
(3478980, '2026-04-07', '2026-05-12', 30, 4),
(3479015, '2026-04-06', '2026-05-11', 16, 4),
(3479046, '2026-04-07', '2026-04-21', 116, 4),
(3479282, '2026-04-20', '2026-04-27', 45, 4),
(3479555, '2026-04-13', '2026-04-20', 45, 4),
(3479768, '2026-04-06', '2026-04-11', 12, 4),
(3479806, '2026-04-06', '2026-05-04', 99, 4),
(3479810, '2026-04-07', '2026-05-12', 381, 4),
(3479824, '2026-04-08', '2026-05-06', 98, 4),
(3479832, '2026-04-09', '2026-05-07', 99, 4),
(3479926, '2026-04-10', '2026-05-08', 98, 4),
(3480008, '2026-04-13', '2026-04-24', 37, 4),
(3480527, '2026-04-20', '2026-08-10', 58, 1),
(3480669, '2026-04-15', '2026-05-27', 113, 1),
(3480748, '2026-04-07', '2026-04-13', 71, 4),
(3480792, '2026-04-08', '2026-06-24', 90, 1),
(3480889, '2026-04-08', '2026-05-15', 44, 4),
(3480905, '2026-04-07', '2026-05-07', 58, 4),
(3481447, '2026-04-07', '2026-04-28', 128, 4),
(3481465, '2026-04-07', '2026-05-05', 145, 4),
(3481744, '2026-04-13', '2026-05-29', 110, 1),
(3481815, '2026-04-09', '2026-06-02', 50, 1),
(3482023, '2026-04-14', '2026-04-15', 3, 4),
(3482107, '2026-04-08', '2026-05-06', 128, 4),
(3482112, '2026-04-08', '2026-06-24', 58, 1),
(3482369, '2026-04-09', '2026-05-08', 198, 4),
(3482395, '2026-04-08', '2027-07-07', 218, 1),
(3482405, '2026-04-14', '2026-05-19', 139, 4),
(3482422, '2026-04-13', '2026-05-12', 198, 4),
(3482665, '2026-04-13', '2026-07-27', 196, 1),
(3482728, '2026-04-08', '2026-05-13', 132, 4),
(3482770, '2026-04-08', '2026-05-19', 49, 4),
(3482979, '2026-04-14', '2026-05-19', 194, 4),
(3482980, '2026-04-14', '2026-05-19', 194, 4),
(3482981, '2026-04-14', '2026-05-19', 194, 4),
(3482982, '2026-04-14', '2026-05-19', 194, 4),
(3483010, '2026-04-09', '2026-05-14', 41, 4),
(3483213, '2026-04-13', '2026-07-06', 31, 1),
(3483277, '2026-04-29', '2026-06-03', 371, 1),
(3483321, '2026-04-28', '2026-04-29', 3, 4),
(3483557, '2026-04-14', '2026-04-20', 71, 4),
(3483565, '2026-04-22', '2026-05-27', 14, 1),
(3483617, '2026-04-16', '2026-04-24', 393, 4),
(3483720, '2026-04-13', '2026-05-11', 41, 4),
(3483740, '2026-04-18', '2026-05-23', 364, 4),
(3483770, '2026-04-22', '2026-05-13', 34, 4),
(3483827, '2026-04-10', '2026-05-22', 30, 4),
(3483838, '2026-04-14', '2026-05-05', 168, 4),
(3483863, '2026-04-11', '2026-05-04', 24, 4),
(3483880, '2026-04-09', '2026-05-11', 389, 4),
(3483882, '2026-04-16', '2026-06-04', 161, 1),
(3483967, '2026-04-16', '2026-07-02', 27, 1),
(3484025, '2026-04-09', '2026-06-03', 363, 1),
(3484234, '2026-04-30', '2026-06-04', 14, 1),
(3484445, '2026-04-10', '2026-05-22', 132, 4),
(3484596, '2026-04-20', '2026-10-19', 142, 1),
(3484621, '2026-04-09', '2026-06-14', 159, 1),
(3484629, '2026-04-09', '2026-06-03', 363, 1),
(3484643, '2026-04-21', '2026-09-08', 142, 1),
(3484773, '2026-04-13', '2026-08-03', 58, 1),
(3485136, '2026-04-11', '2026-06-01', 102, 1),
(3485288, '2026-04-28', '2026-06-02', 9, 1),
(3485327, '2026-04-15', '2026-06-17', 9, 1),
(3485346, '2026-04-30', '2026-06-04', 8, 1),
(3485348, '2026-04-13', '2026-05-06', 8, 4),
(3485358, '2026-04-16', '2026-06-04', 9, 1),
(3485691, '2026-04-15', '2026-04-30', 11, 4),
(3485949, '2026-04-20', '2026-05-25', 199, 1),
(3485957, '2026-04-20', '2026-05-25', 199, 1),
(3485961, '2026-04-20', '2026-05-25', 199, 1),
(3485962, '2026-04-20', '2026-05-25', 199, 1),
(3485973, '2026-04-20', '2026-05-25', 190, 1),
(3485975, '2026-04-20', '2026-05-25', 190, 1),
(3485976, '2026-04-20', '2026-05-25', 190, 1),
(3485977, '2026-04-20', '2026-05-25', 190, 1),
(3486070, '2026-04-15', '2026-04-28', 206, 4),
(3486121, '2026-04-15', '2026-04-28', 206, 4),
(3486122, '2026-04-15', '2026-04-28', 206, 4),
(3486124, '2026-04-15', '2026-04-28', 206, 4),
(3486198, '2026-04-15', '2026-06-03', 102, 1),
(3486214, '2026-04-14', '2026-06-30', 118, 1),
(3486222, '2026-04-11', '2026-05-06', 145, 4),
(3486226, '2026-04-16', '2026-05-15', 73, 4),
(3486233, '2026-04-15', '2026-05-13', 73, 4),
(3486239, '2026-04-22', '2026-05-08', 143, 4),
(3486240, '2026-04-28', '2026-06-16', 148, 1),
(3486251, '2026-04-27', '2026-06-02', 164, 1),
(3486432, '2026-04-28', '2026-05-14', 121, 4),
(3486470, '2026-04-25', '2026-08-08', 196, 1),
(3486541, '2026-04-25', '2026-08-08', 196, 1),
(3486622, '2026-04-17', '2026-05-22', 81, 4),
(3486675, '2026-04-13', '2026-05-18', 81, 4),
(3486726, '2026-04-13', '2026-07-13', 27, 1),
(3486851, '2026-04-21', '2026-05-28', 92, 1),
(3486933, '2026-04-22', '2026-05-27', 96, 1),
(3487013, '2026-04-21', '2026-06-16', 165, 1),
(3487052, '2026-04-13', '2026-04-30', 189, 4),
(3487624, '2026-04-29', '2026-04-30', 12, 4),
(3487944, '2026-05-12', '2026-06-09', 387, 1),
(3488034, '2026-04-15', '2026-04-18', 12, 4),
(3488370, '2026-04-22', '2026-06-10', 107, 1),
(3488404, '2026-04-13', '2026-05-06', 156, 4),
(3488411, '2026-04-27', '2026-07-13', 107, 1),
(3488418, '2026-04-16', '2026-05-28', 6, 1),
(3488421, '2026-04-30', '2026-05-14', 145, 4),
(3488429, '2026-04-13', '2026-04-29', 186, 4),
(3488432, '2026-04-23', '2026-06-04', 107, 1),
(3488435, '2026-04-16', '2026-05-21', 20, 4),
(3488436, '2026-04-14', '2026-05-05', 186, 4),
(3488437, '2026-04-28', '2026-06-16', 107, 1),
(3488438, '2026-04-14', '2026-04-28', 28, 4),
(3488440, '2026-04-24', '2026-06-26', 107, 1),
(3488448, '2026-04-27', '2026-07-13', 32, 1),
(3488449, '2026-04-21', '2026-06-23', 32, 1),
(3488886, '2026-04-18', '2026-06-06', 50, 1),
(3488940, '2026-04-15', '2027-11-30', 297, 1),
(3489111, '2026-04-17', '2026-04-29', 36, 4),
(3489155, '2026-05-04', '2026-05-15', 36, 4),
(3489167, '2026-04-20', '2026-06-01', 153, 1),
(3489211, '2026-04-15', '2026-06-12', 46, 1),
(3489273, '2026-04-21', '2026-04-27', 71, 4),
(3489300, '2026-04-22', '2026-05-20', 99, 4),
(3489392, '2026-04-17', '2026-05-22', 135, 4),
(3490056, '2026-04-23', '2026-05-21', 74, 4),
(3490081, '2026-04-14', '2026-05-12', 88, 4),
(3490103, '2026-04-20', '2026-05-11', 6, 4),
(3490137, '2026-04-20', '2026-05-25', 14, 1),
(3490140, '2026-04-17', '2026-06-12', 109, 1),
(3490364, '2026-04-15', '2027-11-30', 266, 1),
(3490442, '2026-04-15', '2027-11-30', 298, 1),
(3490520, '2026-04-15', '2027-11-30', 280, 1),
(3490591, '2026-04-15', '2026-06-22', 50, 1),
(3490607, '2026-04-15', '2027-11-30', 282, 1),
(3490740, '2026-04-15', '2027-11-30', 298, 1),
(3490781, '2026-04-17', '2027-04-16', 287, 1),
(3490912, '2026-04-23', '2026-07-09', 86, 1),
(3490985, '2026-04-15', '2027-11-30', 282, 1),
(3491052, '2026-04-16', '2026-06-11', 43, 1),
(3491109, '2026-05-19', '2026-05-29', 65, 1),
(3491110, '2026-04-15', '2026-04-24', 71, 4),
(3491143, '2026-04-15', '2026-04-22', 49, 4),
(3491228, '2026-04-21', '2026-07-07', 86, 1),
(3491560, '2026-04-13', '2028-07-12', 234, 1),
(3491628, '2026-04-16', '2026-06-09', 380, 1),
(3492011, '2026-04-16', '2026-04-30', 126, 4),
(3492392, '2026-04-21', '2026-05-06', 2, 4),
(3492433, '2026-04-23', '2026-05-28', 2, 1),
(3492507, '2026-04-24', '2026-06-05', 2, 1),
(3492512, '2026-04-24', '2026-06-05', 36, 1),
(3492586, '2026-04-20', '2026-05-05', 57, 4),
(3492756, '2026-04-16', '2026-05-06', 57, 4),
(3493134, '2026-04-17', '2026-05-08', 57, 4),
(3493555, '2026-04-21', '2026-05-19', 1, 4),
(3493572, '2026-04-22', '2026-06-17', 1, 1),
(3493581, '2026-04-16', '2026-05-21', 51, 4),
(3493606, '2026-04-21', '2026-06-09', 109, 1),
(3493626, '2026-04-17', '2026-05-21', 49, 4),
(3493685, '2026-04-20', '2026-05-25', 203, 1),
(3493686, '2026-04-20', '2026-05-25', 203, 1),
(3494033, '2026-05-08', '2026-06-12', 124, 1),
(3494054, '2026-04-19', '2026-04-30', 197, 4),
(3494141, '2026-04-20', '2026-05-25', 192, 1),
(3494142, '2026-04-20', '2026-05-25', 192, 1),
(3494143, '2026-04-20', '2026-05-25', 192, 1),
(3494144, '2026-04-20', '2026-05-25', 192, 1),
(3494293, '2026-04-21', '2026-06-11', 141, 1),
(3494415, '2026-04-20', '2026-08-18', 362, 1),
(3494450, '2026-04-18', '2026-04-19', 3, 4),
(3494497, '2026-04-21', '2026-08-19', 362, 1),
(3494590, '2026-05-07', '2026-05-12', 89, 4),
(3494592, '2026-04-27', '2027-05-18', 213, 1),
(3494770, '2026-04-20', '2026-06-22', 50, 1),
(3494917, '2026-04-21', '2026-06-09', 50, 1),
(3495410, '2026-04-25', '2026-04-30', 71, 4),
(3495460, '2026-04-21', '2026-05-19', 74, 4),
(3495500, '2026-05-05', '2026-06-09', 45, 1),
(3495512, '2026-04-18', '2026-05-08', 105, 4),
(3496063, '2026-04-22', '2026-05-27', 54, 1),
(3496064, '2026-04-20', '2026-06-09', 1, 1),
(3496490, '2026-04-23', '2026-06-11', 50, 1),
(3496540, '2026-04-21', '2026-06-02', 67, 1),
(3496609, '2026-04-24', '2026-06-12', 67, 1),
(3496628, '2026-04-22', '2026-06-10', 67, 1),
(3496671, '2026-04-23', '2026-06-28', 67, 1),
(3496674, '2026-04-24', '2026-06-19', 50, 1),
(3496691, '2026-04-21', '2026-04-24', 89, 4),
(3496701, '2026-04-22', '2026-06-24', 50, 1),
(3496703, '2026-05-05', '2026-06-02', 93, 1),
(3496927, '2026-05-01', '2027-10-31', 220, 1),
(3497002, '2026-04-21', '2027-07-20', 260, 1),
(3497097, '2026-05-08', '2026-06-05', 93, 1),
(3497660, '2026-05-20', '2026-05-25', 89, 1),
(3497674, '2026-05-13', '2026-05-19', 89, 4),
(3497960, '2026-05-05', '2026-05-06', 12, 4),
(3498169, '2026-04-25', '2026-07-01', 86, 1),
(3498394, '2026-05-12', '2027-06-11', 241, 1),
(3498472, '2026-04-23', '2026-04-30', 49, 4),
(3498632, '2026-04-24', '2026-04-25', 78, 4),
(3498656, '2026-04-27', '2026-05-07', 156, 4),
(3498661, '2026-04-27', '2026-06-12', 365, 1),
(3498684, '2026-04-28', '2026-05-28', 359, 1),
(3499258, '2026-04-28', '2026-07-01', 72, 1),
(3499606, '2026-05-15', '2026-06-19', 5, 1),
(3499676, '2026-05-20', '2026-06-24', 150, 1),
(3500027, '2026-05-04', '2026-07-06', 357, 1),
(3500140, '2026-05-11', '2026-05-25', 180, 1),
(3500439, '2026-05-06', '2026-06-10', 391, 1),
(3501143, '2026-04-29', '2026-06-04', 193, 1),
(3501144, '2026-04-29', '2026-06-04', 193, 1),
(3501155, '2026-04-29', '2026-06-04', 193, 1),
(3501156, '2026-04-29', '2026-06-04', 193, 1),
(3501228, '2026-05-02', '2026-05-30', 11, 1),
(3501468, '2026-05-07', '2026-06-04', 202, 1),
(3501478, '2026-05-07', '2026-06-04', 202, 1),
(3501479, '2026-05-07', '2026-06-04', 191, 1),
(3501480, '2026-05-07', '2026-06-04', 191, 1),
(3501481, '2026-05-07', '2026-06-04', 191, 1),
(3501483, '2026-05-07', '2026-06-04', 191, 1),
(3501757, '2026-04-28', '2026-06-18', 69, 1),
(3502534, '2026-04-29', '2026-06-03', 11, 1),
(3502560, '2026-05-05', '2026-06-09', 11, 1),
(3502575, '2026-05-05', '2026-06-16', 119, 1),
(3502584, '2026-05-07', '2026-06-05', 11, 1),
(3502624, '2026-04-29', '2026-06-03', 11, 1),
(3502662, '2026-05-08', '2026-06-19', 119, 1),
(3503916, '2026-05-05', '2026-06-09', 20, 1),
(3504048, '2026-05-06', '2026-06-10', 49, 1),
(3504169, '2026-05-05', '2026-06-09', 11, 1),
(3504249, '2026-05-05', '2026-06-02', 174, 1),
(3504290, '2026-05-19', '2026-06-01', 16, 1),
(3504304, '2026-05-21', '2026-06-04', 63, 1),
(3504537, '2026-05-21', '2026-06-05', 16, 1),
(3505126, '2026-05-08', '2026-05-23', 59, 4),
(3505144, '2026-05-04', '2026-05-09', 71, 4),
(3505170, '2026-05-04', '2026-06-01', 99, 1),
(3505252, '2026-05-13', '2026-07-08', 171, 1),
(3505333, '2026-05-04', '2026-05-28', 81, 1),
(3505364, '2026-05-11', '2026-05-16', 53, 4),
(3505407, '2026-05-08', '2026-06-05', 360, 1),
(3505413, '2026-05-18', '2026-05-23', 71, 4),
(3505539, '2026-05-07', '2026-06-25', 148, 1),
(3505630, '2026-05-02', '2026-05-09', 14, 4),
(3505777, '2026-05-05', '2026-06-02', 47, 1),
(3505849, '2026-05-04', '2026-07-06', 51, 1),
(3506163, '2026-05-11', '2026-05-16', 45, 4),
(3506172, '2026-05-04', '2026-05-09', 45, 4),
(3506439, '2026-05-07', '2026-06-11', 2, 1),
(3506447, '2026-05-12', '2026-06-16', 2, 1),
(3506448, '2026-05-13', '2026-06-17', 2, 1),
(3506571, '2026-05-18', '2026-05-23', 45, 4),
(3507136, '2026-05-07', '2026-06-11', 207, 1),
(3507167, '2026-05-07', '2026-06-11', 207, 1),
(3507377, '2026-05-14', '2026-06-12', 211, 1),
(3507382, '2026-05-14', '2026-06-12', 211, 1),
(3507397, '2026-05-14', '2026-06-12', 211, 1),
(3507398, '2026-05-14', '2026-06-12', 211, 1),
(3507407, '2026-05-15', '2026-05-16', 3, 4),
(3507475, '2026-05-05', '2026-05-28', 395, 1),
(3507757, '2026-05-06', '2026-07-22', 118, 1),
(3507917, '2026-05-05', '2026-05-08', 89, 4),
(3507971, '2026-05-06', '2026-05-09', 18, 4),
(3508160, '2026-05-07', '2026-05-08', 3, 4),
(3508385, '2026-05-05', '2026-06-01', 128, 1),
(3508416, '2026-05-05', '2026-06-02', 1, 1),
(3508624, '2026-05-05', '2026-06-02', 14, 1),
(3508790, '2026-05-06', '2026-06-10', 16, 1),
(3508874, '2026-05-11', '2026-05-15', 18, 4),
(3508961, '2026-05-09', '2026-06-26', 49, 1),
(3509220, '2026-05-08', '2026-05-29', 21, 1),
(3509299, '2026-05-11', '2026-05-26', 21, 1),
(3509498, '2026-05-07', '2026-06-02', 173, 1),
(3509537, '2026-05-07', '2026-07-13', 87, 1),
(3509873, '2026-05-07', '2026-06-04', 145, 1),
(3509946, '2026-05-07', '2026-06-12', 48, 1),
(3510475, '2026-05-11', '2026-07-06', 14, 1),
(3510548, '2026-05-09', '2026-06-09', 130, 1),
(3510583, '2026-05-07', '2026-05-15', 95, 4),
(3510594, '2026-05-11', '2026-07-13', 153, 1),
(3510674, '2026-05-07', '2026-07-01', 161, 1),
(3510840, '2026-05-11', '2026-07-13', 25, 1),
(3511217, '2026-05-08', '2026-05-29', 46, 1),
(3511255, '2026-05-11', '2026-05-25', 372, 1),
(3511354, '2026-05-11', '2026-05-20', 76, 4),
(3511583, '2026-05-07', '2026-06-04', 47, 1),
(3511961, '2026-05-08', '2026-05-09', 3, 4),
(3511994, '2026-05-23', '2026-05-24', 3, 4),
(3512029, '2026-05-22', '2026-05-23', 3, 4),
(3512052, '2026-05-08', '2026-05-22', 1, 4),
(3512058, '2026-05-07', '2026-06-25', 95, 1),
(3512372, '2026-05-08', '2026-06-03', 24, 1),
(3512517, '2026-05-08', '2026-06-26', 1, 1),
(3512536, '2026-05-08', '2026-06-05', 74, 1),
(3512598, '2026-05-09', '2026-06-05', 126, 1),
(3512604, '2026-05-13', '2026-06-17', 2, 1),
(3512970, '2026-05-12', '2026-06-16', 34, 1),
(3513014, '2026-05-13', '2026-06-10', 6, 1),
(3513116, '2026-05-14', '2026-06-18', 2, 1),
(3513132, '2026-05-13', '2026-05-14', 372, 4),
(3513150, '2026-05-08', '2026-05-15', 49, 4),
(3513160, '2026-05-11', '2026-06-17', 82, 1),
(3513203, '2026-05-12', '2026-06-11', 82, 1),
(3513720, '2026-05-11', '2026-05-25', 127, 1),
(3513806, '2026-05-14', '2026-05-28', 127, 1),
(3514279, '2026-05-12', '2026-05-20', 100, 4),
(3515285, '2026-05-14', '2026-06-18', 160, 1),
(3515535, '2026-05-15', '2026-05-29', 147, 1),
(3515598, '2026-05-16', '2026-07-11', 182, 1),
(3515906, '2026-05-14', '2026-06-18', 46, 1),
(3516060, '2026-05-13', '2026-06-03', 145, 1),
(3516277, '2026-05-13', '2026-06-17', 25, 1),
(3516474, '2026-05-12', '2026-06-16', 25, 1),
(3516659, '2026-05-21', '2026-07-30', 137, 1),
(3516686, '2026-05-13', '2026-05-20', 147, 4),
(3516689, '2026-05-13', '2026-05-27', 147, 1),
(3516787, '2026-05-20', '2026-05-21', 370, 4),
(3516811, '2026-05-13', '2026-05-29', 76, 1),
(3516975, '2026-05-15', '2026-05-29', 127, 1),
(3517016, '2026-05-15', '2026-07-03', 30, 1),
(3517090, '2026-05-13', '2026-05-16', 79, 4),
(3517305, '2026-05-14', '2026-05-15', 94, 4),
(3517417, '2026-05-19', '2026-06-05', 145, 1),
(3517423, '2026-05-19', '2026-06-01', 132, 1),
(3517486, '2026-05-16', '2026-05-17', 84, 4),
(3517500, '2026-05-20', '2026-06-10', 1, 1),
(3517522, '2026-05-16', '2026-05-17', 94, 4),
(3517555, '2026-05-21', '2026-06-09', 34, 1),
(3517590, '2026-05-15', '2026-05-16', 147, 4),
(3517696, '2026-05-15', '2026-06-04', 41, 1),
(3517740, '2026-05-20', '2026-06-19', 73, 1),
(3517849, '2026-05-21', '2026-06-05', 136, 1),
(3518356, '2026-05-15', '2026-06-19', 104, 1),
(3518397, '2026-05-20', '2026-06-24', 194, 1),
(3518398, '2026-05-20', '2026-06-24', 194, 1),
(3518399, '2026-05-20', '2026-06-24', 194, 1),
(3518400, '2026-05-20', '2026-06-24', 194, 1),
(3518641, '2026-05-19', '2026-05-29', 76, 1),
(3518768, '2026-05-14', '2026-06-17', 130, 1),
(3518834, '2026-05-22', '2026-05-30', 46, 1),
(3519511, '2026-05-19', '2026-06-18', 73, 1),
(3519528, '2026-05-15', '2026-07-31', 118, 1),
(3519535, '2026-05-19', '2026-06-23', 30, 1),
(3519551, '2026-05-15', '2026-06-19', 8, 1),
(3519561, '2026-05-21', '2026-06-18', 16, 1),
(3519595, '2026-05-16', '2026-05-25', 126, 1),
(3519605, '2026-05-20', '2026-06-01', 120, 1),
(3519619, '2026-05-15', '2026-05-27', 49, 1),
(3519642, '2026-05-20', '2026-06-24', 49, 1),
(3521113, '2026-05-19', '2026-05-30', 37, 1),
(3521161, '2026-05-22', '2026-06-19', 145, 1),
(3521199, '2026-05-16', '2026-07-17', 87, 1),
(3521201, '2026-05-23', '2026-07-13', 34, 1),
(3521400, '2026-05-19', '2026-05-26', 49, 1),
(3521401, '2026-05-19', '2026-05-22', 79, 4),
(3522074, '2026-05-18', '2026-05-21', 71, 4),
(3523236, '2026-05-21', '2026-06-18', 1, 1),
(3523338, '2026-05-22', '2026-06-26', 130, 1),
(3524432, '2026-05-21', '2026-06-18', 145, 1);

-- --------------------------------------------------------

--
-- Estructura de tabla para la tabla `jornada`
--

CREATE TABLE `jornada` (
  `id_jornada` int(11) NOT NULL,
  `nombre_jornada` varchar(30) NOT NULL
) ENGINE=InnoDB DEFAULT CHARSET=utf8mb4 COLLATE=utf8mb4_general_ci;

--
-- Volcado de datos para la tabla `jornada`
--

INSERT INTO `jornada` (`id_jornada`, `nombre_jornada`) VALUES
(1, 'MIXTA'),
(2, 'DIURNA'),
(3, 'NOCTURNA');

-- --------------------------------------------------------

--
-- Estructura de tabla para la tabla `nivel_formacion`
--

CREATE TABLE `nivel_formacion` (
  `id_nivel_formacion` int(11) NOT NULL,
  `nombre_nivel` varchar(50) NOT NULL,
  `descripcion` varchar(150) DEFAULT NULL
) ENGINE=InnoDB DEFAULT CHARSET=utf8mb4 COLLATE=utf8mb4_general_ci;

--
-- Volcado de datos para la tabla `nivel_formacion`
--

INSERT INTO `nivel_formacion` (`id_nivel_formacion`, `nombre_nivel`, `descripcion`) VALUES
(1, 'CURSO ESPECIAL', NULL),
(2, 'TÉCNICO', NULL),
(3, 'TECNÓLOGO', NULL),
(4, 'OPERARIO', NULL),
(5, 'AUXILIAR', NULL),
(6, 'EVENTO', NULL);

-- --------------------------------------------------------

--
-- Estructura de tabla para la tabla `password_reset`
--

CREATE TABLE `password_reset` (
  `id_reset` int(11) NOT NULL,
  `id_documento` bigint(20) NOT NULL,
  `token_hash` char(64) NOT NULL,
  `fecha_creacion` datetime NOT NULL DEFAULT current_timestamp(),
  `fecha_expiracion` datetime NOT NULL,
  `usado` tinyint(1) NOT NULL DEFAULT 0
) ENGINE=InnoDB DEFAULT CHARSET=utf8mb4 COLLATE=utf8mb4_general_ci;

--
-- Volcado de datos para la tabla `password_reset`
--

INSERT INTO `password_reset` (`id_reset`, `id_documento`, `token_hash`, `fecha_creacion`, `fecha_expiracion`, `usado`) VALUES
(1, 1001001005, '18de30e3088724aad465b78ee5dde2d36bf06487776547ba5b78aebcad3b3588', '2026-07-03 08:25:57', '2026-07-03 15:55:57', 1),
(2, 1001001005, 'dca2cbbb914db5367d02f863ab6de057d82c21270de8cbdd4077a582ea6782e6', '2026-07-03 08:27:01', '2026-07-03 15:57:01', 1),
(3, 1001001005, '8781bfa932909aa2812746fe2a148b3257beb45fce16aefef42378f95163c8e9', '2026-07-03 08:27:59', '2026-07-03 15:57:59', 1),
(4, 1001001005, 'cae3073a81673f5ff90b4bf6e013d344ac3dc2309e13cbe312a53428c84531f2', '2026-07-03 08:29:52', '2026-07-03 15:59:52', 1),
(5, 1001001005, 'c55530f372c8ab6275f41b7b41731356103787d1a044548e537292f29f579aa6', '2026-07-03 08:59:11', '2026-07-03 16:29:11', 1),
(6, 1001001005, 'b782fdadd8a2659a4db5070342255b0d369a920a049d37d15f2533f59aed56e5', '2026-07-03 09:03:58', '2026-07-03 16:33:58', 0),
(7, 1001001007, 'f2f62c4cbb24ad0252a217a73721ed56b8fb713449a7de42691d84f8f022ad01', '2026-07-03 14:30:38', '2026-07-03 22:00:38', 1),
(8, 1001001007, '5eec033b01fa19708e09df3e99036716fa528d7a6a715dbd255cdfb60ddff405', '2026-07-03 14:39:20', '2026-07-03 21:54:20', 1),
(9, 1001001007, '4586379a1359abd44ad6cf3871fa76b9eaafd52a7041705a2c5ed39763156e6c', '2026-07-06 17:51:10', '2026-07-07 01:06:10', 1),
(10, 1001001001, 'baa567c0a8ceb88660c436719cefe83010c4493f4ca1c1f36d54fa70aadbb608', '2026-07-06 19:06:48', '2026-07-07 02:21:48', 1),
(11, 1001001001, '11e296a2a34a0d2a1ead32852de4262ee0d56afffd629d85c4ed83e0772f75a1', '2026-07-06 19:19:13', '2026-07-07 02:34:13', 1),
(12, 1001001007, 'eb88ab881182df29b385ffbe8ddafff491e3f6a861bc83d14b9e0034796f9cc9', '2026-07-07 10:21:03', '2026-07-07 17:36:03', 1);

-- --------------------------------------------------------

--
-- Estructura de tabla para la tabla `preregistro`
--

CREATE TABLE `preregistro` (
  `id_preregistro` int(11) NOT NULL,
  `id_documento` bigint(20) NOT NULL,
  `id_evento` int(11) NOT NULL,
  `fecha_registro` date NOT NULL,
  `asistencia` enum('Pendiente','Asistió','No asistió') NOT NULL DEFAULT 'Pendiente',
  `fecha_ingreso` date DEFAULT NULL,
  `hora` time DEFAULT NULL
) ENGINE=InnoDB DEFAULT CHARSET=utf8mb4 COLLATE=utf8mb4_general_ci;

--
-- Volcado de datos para la tabla `preregistro`
--

INSERT INTO `preregistro` (`id_preregistro`, `id_documento`, `id_evento`, `fecha_registro`, `asistencia`, `fecha_ingreso`, `hora`) VALUES
(1, 1001001004, 1, '2025-07-10', 'Asistió', '2025-07-15', '07:55:00'),
(2, 1001001005, 1, '2025-07-10', 'Asistió', '2025-07-15', '07:58:00'),
(3, 1001001006, 2, '2025-07-18', 'Asistió', '2025-07-20', '08:55:00'),
(4, 1001001005, 3, '2026-06-30', 'Pendiente', NULL, NULL),
(5, 1001001005, 2, '2026-06-30', 'Pendiente', NULL, NULL),
(6, 1001001005, 6, '2026-07-01', 'Pendiente', NULL, NULL),
(7, 1001001005, 9, '2026-07-01', 'Pendiente', NULL, NULL),
(8, 1001001004, 9, '2026-07-08', 'Asistió', '2026-07-09', '09:23:13'),
(9, 1001001006, 9, '2026-07-08', 'Pendiente', NULL, NULL);

-- --------------------------------------------------------

--
-- Estructura de tabla para la tabla `programa`
--

CREATE TABLE `programa` (
  `id_programa` int(11) NOT NULL,
  `nombre_programa` varchar(100) NOT NULL,
  `id_nivel_formacion` int(11) NOT NULL,
  `id_jornada` int(11) NOT NULL,
  `id_estado` int(11) DEFAULT NULL
) ENGINE=InnoDB DEFAULT CHARSET=utf8mb4 COLLATE=utf8mb4_general_ci;

--
-- Volcado de datos para la tabla `programa`
--

INSERT INTO `programa` (`id_programa`, `nombre_programa`, `id_nivel_formacion`, `id_jornada`, `id_estado`) VALUES
(1, 'EMPRENDIMIENTO INNOVADOR', 1, 1, 1),
(2, 'CONSTRUCCION DE PAVIMENTO CON PLACA HUELLA PARA VIAS TERCIARIAS 6: PROCESO CONSTRUCTIVO', 1, 1, 1),
(3, 'FORMACION EN SENSIBILIZACION SOBRE PROTECCION PARA TODO EL PERSONAL DE LA INSTALACION PORTUARIA. OMI', 1, 1, 1),
(4, 'FORTALECIMIENTO EN GESTION ORGANIZACIONAL', 1, 2, 1),
(5, 'BUENAS PRACTICAS AGRICOLAS.', 1, 1, 1),
(6, 'HIGIENE Y MANIPULACION DE ALIMENTOS,.', 1, 1, 1),
(7, 'FORMULACION DEL PLAN DE MARKETING', 1, 1, 1),
(8, 'PREARMADO DE PIEZAS PARA MARROQUINERIA', 1, 1, 1),
(9, 'MANEJO INTERMEDIO DE LA HERRAMIENTA DE HOJAS DE CALCULO EXCEL', 1, 1, 1),
(10, 'EJERCICIO DERECHOS FUNDAMENTALES EN EL TRABAJO', 1, 1, 1),
(11, 'MANEJO RACIONAL DE PLAGUICIDAS', 1, 1, 1),
(12, 'REENTRENAMIENTO EN TRABAJO EN ALTURAS PARA TRABAJADOR AUTORIZADO', 1, 1, 1),
(13, 'REENTRENAMIENTO EN TRABAJO EN ALTURAS PARA TRABAJADOR AUTORIZADO', 1, 2, 1),
(14, 'INFORMATICA: MICROSOFT WORD, EXCEL E INTERNET', 1, 1, 1),
(15, 'PROCEDIMIENTO TECNICO DE SPA EN MANICURA Y PEDICURA', 1, 2, 1),
(16, 'SOPORTE VITAL BASICO.', 1, 1, 1),
(17, 'CONTROL FITOSANITARIO EN EL CULTIVO DE CACAO', 1, 2, 1),
(18, 'DESARROLLO DE HABILIDADES, PRINCIPIOS Y VALORES PARA LA VIDA Y EL TRABAJO', 1, 1, 1),
(19, 'ORIENTACION DEL PROYECTO DE VIDA CON EL USO DE ESTRATEGIAS INSPIRADORAS', 1, 2, 1),
(20, 'LIDERAZGO EFECTIVO', 1, 1, 1),
(21, 'MANEJO BASICO DE LA HERRAMIENTA DE HOJAS DE CALCULO EXCEL', 1, 1, 1),
(22, 'MANTENIMIENTO CORRECTIVO A  MOTORES GASOLINA', 1, 1, 1),
(23, 'FORTALECIMIENTO DE LA GESTION HUMANA PARA EL DESARROLLO DE LAS HABILIDADES BLANDAS.', 1, 1, 1),
(24, 'PLAN DE MERCADEO PARA SERVICIOS DE BELLEZA', 1, 1, 1),
(25, 'CORTE MANUAL DE PIEZAS EN CUERO PARA CALZADO Y MARROQUINERIA', 1, 1, 1),
(26, 'FUNDAMENTOS DE ELECTRICIDAD', 1, 1, 1),
(27, 'ORIENTACION EN MANEJO DE SISTEMAS DE RECIRCULACION EN ACUICULTURA', 1, 1, 1),
(28, 'HIGIENE Y MANIPULACION DE ALIMENTOS', 1, 1, 1),
(29, 'AGROEXPORTACION HORTOFRUTICOLA', 1, 1, 1),
(30, 'PRIMEROS  AUXILIOS', 1, 1, 1),
(31, 'FORTALECIMIENTO DE LA GESTION HUMANA PARA EL DESARROLLO DE LAS HABILIDADES BLANDAS.', 1, 2, 1),
(32, 'MANEJO DE LA NUTRICION EN CULTIVOS AGRICOLAS', 1, 1, 1),
(33, 'IMPLEMENTACIÓN DEL SISTEMA DE TRAZABILIDAD EN LAS UNIDADES PECUARIAS', 1, 1, 1),
(34, 'APLICACION DE TECNICAS EN MAQUILLAJE SOCIAL', 1, 1, 1),
(35, 'ACONDICIONAMIENTO DE INVERNADEROS PARA CULTIVOS HORTOFRUTICOLAS', 1, 2, 1),
(36, 'MANIPULACION DE ALIMENTOS', 1, 2, 1),
(37, 'COORDINADOR DE TRABAJO EN ALTURAS', 1, 1, 1),
(38, 'PRODUCCION DE CULTIVOS DE INTERES COMERCIAL.', 1, 1, 1),
(39, 'PROCESOS BASICOS DE PASTELERIA', 1, 1, 1),
(40, 'FUNDAMENTACION DE LA QUIMICA APLICADA A LOS ALIMENTOS', 1, 1, 1),
(41, 'SERVICIO AL CLIENTE', 1, 1, 1),
(42, 'APLICACION DE CONDICIONES DE BIENESTAR ANIMAL EN LA PRODUCCION DE POLLO DE ENGORDE Y GALLINA DE POST', 1, 1, 1),
(43, 'INGLES BASICO - NIVEL 1', 1, 1, 1),
(44, 'BASES DEL ENTRENAMIENTO DEPORTIVO', 1, 2, 1),
(45, 'ECONOMIA SOLIDARIA FORMALIZACION DE ORGANIZACIONES', 1, 1, 1),
(46, 'CONTABILIDAD:  RECONOCIMIENTO DE RECURSOS FINANCIEROS', 1, 1, 1),
(47, 'ACCIONES DE PREVENCION EN  SALUD MENTAL', 1, 1, 1),
(48, 'ATENCIÓN Y MANEJO DE EMERGENCIAS', 1, 1, 1),
(49, 'ORIENTACION DEL PROYECTO DE VIDA CON EL USO DE ESTRATEGIAS INSPIRADORAS', 1, 1, 1),
(50, 'INGLES BASICO - NIVEL 2', 1, 1, 1),
(51, 'ELABORACION DE PRODUCTOS EN CUERO CON TECNICAS MANUALES', 1, 1, 1),
(52, 'FORTALECIMIENTO EN LA COSECHA Y BENEFICIO DEL CACAO', 1, 1, 1),
(53, 'PROCESAMIENTO DE PRODUCTOS LACTEOS.', 1, 1, 1),
(54, 'FORMULACION DE PROYECTOS PARTICIPATIVOS EN CONTEXTOS MULTICULTURALES', 1, 1, 1),
(55, 'FACTURACION DE LOS SERVICIOS EN  SALUD', 1, 1, 1),
(56, 'CONSTRUCCION DE PAVIMENTO CON PLACA HUELLA PARA VIAS TERCIARIAS 1', 1, 2, 1),
(57, 'CONSTRUCCION DE PAVIMENTO CON PLACA HUELLA PARA VIAS TERCIARIAS 7: MANTENIMIENTO', 1, 1, 1),
(58, 'APLICACION DE LAS BUENAS PRACTICAS AGRICOLAS', 1, 2, 1),
(59, 'PROCESAMIENTO DE PRODUCTOS DERIVADOS DEL CACAO', 1, 1, 1),
(60, 'HERRAMIENTAS AVANZADAS DE HOJA DE CALCULO', 1, 1, 1),
(61, 'ESTRUCTURACION DE PLAN DE NEGOCIO COMO ALTERNATIVA DE TRANSFORMACION PERSONAL Y COMUNITARIA', 1, 1, 1),
(62, 'ELECTRICIDAD BÁSICA', 1, 1, 1),
(63, 'SUELOS PASTOS Y FORRAJES', 1, 1, 1),
(64, 'PLANIFICACION Y CONSTRUCCION DE INFRAESTRUCTURA DE CULTIVOS ACUICOLAS', 1, 2, 1),
(65, 'MANIPULACION DE ALIMENTOS', 1, 1, 1),
(66, 'CIUDADANIA DIGITAL PARA LA PAZ', 1, 1, 1),
(67, 'DIAGNOSTICO PARA EL FORTALECIMIENTO Y COMPETITIVIDAD EMPRESARIAL', 1, 1, 1),
(68, 'PROCESOS BASICOS DE PASTELERIA', 1, 2, 1),
(69, 'INGLES BASICO - NIVEL 3', 1, 1, 1),
(70, 'TENDENCIAS EN DECORACION PARA MANICURA Y PEDICURA', 1, 2, 1),
(71, 'HIGIENE Y MANIPULACION DE ALIMENTOS.', 1, 1, 1),
(72, 'PLANIFICACION DEPORTIVA CONTEMPORANEA', 1, 1, 1),
(73, 'IMPLEMENTACIÓN DEL PLAN DE BIOSEGURIDAD EN LA EMPRESA PECUARIA', 1, 1, 1),
(74, 'ELABORACION DE BIOABONOS SOLIDOS', 1, 1, 1),
(75, 'IMPLEMENTACION DE LAS BUENAS PRACTICAS GANADERAS EN LA PRODUCCION PORCINA', 1, 2, 1),
(76, 'HUMANIZACION DE LA ATENCION EN SALUD.', 1, 1, 1),
(77, 'FUNDAMENTOS DE TECNICA VOCAL', 1, 1, 1),
(78, 'MANIPULACIÓN HIGIÉNICO SANITARIA DE ALIMENTOS', 1, 1, 1),
(79, 'HIGIENE Y MANIPULACION DE ALIMENTOS', 1, 2, 1),
(80, 'EMPRENDIMIENTO EN UNIDADES PRODUCTIVAS', 1, 1, 1),
(81, 'MEDICION DE LA HUELLA HIDRICA.', 1, 1, 1),
(82, 'ENTRENAMIENTO EN OPERACION MONTACARGAS CON EQUIPOS DE SIMULACION', 1, 1, 1),
(83, 'DISEÑO DE PROYECTOS  DE INVESTIGACION CON METODOLOGIA DE MARCO LOGICO', 1, 2, 1),
(84, 'FORMACION EN SENSIBILIZACION SOBRE PROTECCION PARA TODO EL PERSONAL DE LA INSTALACION PORTUARIA. OMI', 1, 2, 1),
(85, 'ESTABLECIMIENTO DE UN SISTEMA PRODUCTIVO DE POLLO DE ENGORDE TIPO CAMPESINO', 1, 1, 1),
(86, 'APLICACION DE CONDICIONES DE BIENESTAR ANIMAL EN LA PRODUCCION DE POLLO DE ENGORDE Y GALLINA DE POST', 1, 2, 1),
(87, 'EJECUCION DE PROYECTOS PARTICIPATIVOS EN CONTEXTOS MULTICULTURALES', 1, 1, 1),
(88, 'MANEJO DE SUSTRATOS Y FERTILIZACION EN AGRICULTURA URBANA.', 1, 1, 1),
(89, 'TRABAJADOR AUTORIZADO PARA TRABAJO EN ALTURAS', 1, 1, 1),
(90, 'FUNDAMENTOS PARA LA POTABILIZACION DE AGUA', 1, 2, 1),
(91, 'APLICACION DE TECNICAS DE LIDERAZGO TRANSFORMADOR EN EL CONTEXTO DE LA FPI', 1, 2, 1),
(92, 'IMPLEMENTACION DE ESTRATEGIAS DE MERCADEO Y VENTAS', 1, 2, 1),
(93, 'IMPLEMENTACION DE LA RESPONSABILIDAD AMBIENTAL COMO UN MODELO DE VIDA', 1, 2, 1),
(94, 'MANIPULACIÓN HIGIÉNICO SANITARIA DE ALIMENTOS', 1, 2, 1),
(95, 'ETIQUETA Y PROTOCOLO EMPRESARIAL', 1, 1, 1),
(96, 'FORMULACION Y EVALUACION DE PROYECTOS', 1, 2, 1),
(97, 'ORIENTACION EN MANEJO DE SISTEMAS DE RECIRCULACION EN ACUICULTURA', 1, 2, 1),
(98, 'AGRICULTURA ECOLOGICA: FERTILIZACION, SUELOS Y CULTIVOS.', 1, 1, 1),
(99, 'BÁSICO EN AGRICULTURA ECOLOGICA', 1, 1, 1),
(100, 'MANEJO DE LA INFORMACION TURISTICA.', 1, 1, 1),
(101, 'FORTALECIMIENTO EN LA APLICACION DE  PRACTICAS SANITARIAS EN BOVINOS.', 1, 2, 1),
(102, 'PRODUCCION DE BIOABONOS', 1, 1, 1),
(103, 'FORTALECIMIENTO EN LA COSECHA Y BENEFICIO DEL CACAO', 1, 2, 1),
(104, 'WORD BASICO', 1, 1, 1),
(105, 'EVALUACION SENSORIAL DE ALIMENTOS', 1, 1, 1),
(106, 'PROMOCION DE LA ACTIVIDAD FISICA Y ESTILOS DE VIDA SALUDABLE.', 1, 1, 1),
(107, 'APLICACION DE PROGRAMAS DE ACTIVIDAD FISICA EN ADULTOS MAYORES.', 1, 1, 1),
(108, 'MANEJO DE LA NUTRICION EN CULTIVOS AGRICOLAS', 1, 2, 1),
(109, 'PREPARACIONES CON FRUTAS Y VERDURAS COCIDAS', 1, 1, 1),
(110, 'IMPLEMENTACION DE CULTIVOS EN LA AGRICULTURA URBANA', 1, 2, 1),
(111, 'FORTALECIMIENTO EN LA APLICACION DE PRACTICAS  SANITARIAS  EN PRODUCCION DE POLLOS DE ENGORDE', 1, 2, 1),
(112, 'IMPLEMENTACION DE PRACTICAS DE MANEJO DEL HUEVO', 1, 2, 1),
(113, 'PRACTICAS DE ALIMENTACION EN EL CULTIVO DE PECES Y CAMARONES', 1, 2, 1),
(114, 'COCINA BÁSICA', 1, 1, 1),
(115, 'ARMONIA APLICADA A LA GUITARRA FUNCIONAL', 1, 2, 1),
(116, 'MENTALIDAD EMPRESARIAL E IDEAS DE NEGOCIO', 1, 1, 1),
(117, 'SUELOS EN LA AGRICULTURA.', 1, 1, 1),
(118, 'FORTALECIMIENTO EN DECORACION DE ACCESORIOS EN CUERO', 1, 1, 1),
(119, 'APLICACION DE FUNCIONES Y COMBINACIONES MULTIPLES EN EXCEL PARA SOLUCION DE PROBLEMAS.', 1, 1, 1),
(120, 'MANEJO SANITARIO EN PISCICULTURA', 1, 1, 1),
(121, 'INICIACION MUSICAL EN INSTRUMENTOS DE PERCUSION POPULAR', 1, 1, 1),
(122, 'DESARROLLO DE HABILIDADES PARA EL BIENESTAR FAMILIAR Y COMUNITARIO', 1, 1, 1),
(123, 'MANEJO DE CULTIVOS EN AGRICULTURA URBANA', 1, 1, 1),
(124, 'COMUNICACION ASERTIVA Y EFECTIVA EN EQUIPOS DE TRABAJO', 1, 2, 1),
(125, 'LIDERAZGO E INNOVACION PARA LA PAZ', 1, 1, 1),
(126, 'MANIPULACIÓN DE ALIMENTOS', 1, 1, 1),
(127, 'BÁSICO MERCADEO Y SERVICIO AL CLIENTE', 1, 1, 1),
(128, 'MERCADEO Y VENTAS', 1, 1, 1),
(129, 'APLICACION DE TECNICAS DE SERVICIO AL CLIENTE EN TURISMO', 1, 1, 1),
(130, 'TECNICAS BASICAS DE PEINADO Y TRENZADO', 1, 1, 1),
(131, 'MENTALIDAD EMPRESARIAL E IDEAS DE NEGOCIO', 1, 2, 1),
(132, 'PRACTICAS DE  CUIDADO Y AUTOCUIDADO PARA PERSONAS CON DISCAPACIDAD Y SUS CUIDADORES', 1, 1, 1),
(133, 'APLICACION DE LAS BUENAS PRACTICAS AGRICOLAS', 1, 1, 1),
(134, 'TRABAJADOR AUTORIZADO PARA TRABAJO EN ALTURAS', 1, 2, 1),
(135, 'FORTALECIMIENTO EN PRODUCCION DE RACION ALIMENTICIA ARTESANAL PARA PECES', 1, 1, 1),
(136, 'ECONOMIA SOLIDARIA UN EJE ESTRATEGICO DE SUPERVIVENCIA SOCIAL.', 1, 1, 1),
(137, 'CONTROL FITOSANITARIO DEL CULTIVO DE CACAO', 1, 2, 1),
(138, 'GENERACION DE IDEAS PARA UN NEGOCIO INNOVADOR', 1, 2, 1),
(139, 'BUENAS PRACTICAS AGRICOLAS.', 1, 2, 1),
(140, 'BÁSICO EN MANTENIMIENTO DE COMPUTADORES', 1, 1, 1),
(141, 'INGLES BASICO - NIVEL 4', 1, 1, 1),
(142, 'FORTALECIMIENTO EN ESTABLECIMIENTO Y MANEJO DE BANCOS MIXTOS FORRAJEROS', 1, 1, 1),
(143, 'CONTABILIDAD COSTOS Y PRESUPUESTOS', 1, 1, 1),
(144, 'CARACTERIZACION DE RESIDUOS PELIGROSOS', 1, 2, 1),
(145, 'TENDENCIAS EN DECORACION PARA MANICURA Y PEDICURA', 1, 1, 1),
(146, 'PROCESOS BASICOS DE PANADERIA', 1, 2, 1),
(147, 'BÁSICO MERCADEO Y SERVICIO AL CLIENTE', 1, 2, 1),
(148, 'CONFECCIÓN DE VESTIDO', 1, 1, 1),
(149, 'MANEJO BASICO DE LA HERRAMIENTA DE HOJAS DE CALCULO EXCEL', 1, 2, 1),
(150, 'BIOSEGURIDAD EN ACUICULTURA.', 1, 1, 1),
(151, 'COMIDAS RAPIDAS', 1, 1, 1),
(152, 'MANEJO RACIONAL DE PLAGUICIDAS', 1, 2, 1),
(153, 'LEVANTAMIENTO DE MAMPOSTERIA NO ESTRUCTURAL', 1, 1, 1),
(154, 'DISEÑO DE PROYECTOS  DE INVESTIGACION CON METODOLOGIA DE MARCO LOGICO', 1, 1, 1),
(155, 'GESTION Y EDUCACION AMBIENTAL.', 1, 2, 1),
(156, 'PREPARACION DE COCTELES', 1, 1, 1),
(157, 'ELABORAR MATERIAL DIDACTICO PARA NIÑOS Y NIÑAS DE LA PRIMERA INFANCIA', 1, 2, 1),
(158, 'COORDINADOR DE TRABAJO EN ALTURAS', 1, 2, 1),
(159, 'TECNICAS Y EVENTOS RECREATIVOS', 1, 1, 1),
(160, 'PRACTICAS DE MANEJO EN LA PRODUCCION DE POLLOS DE ENGORDE.', 1, 2, 1),
(161, 'ENSAMBLE DE TABLEROS ELECTRICOS EN BAJA TENSION.', 1, 1, 1),
(162, 'PATRONAJE Y ESCALADO DE ROPA INFANTIL', 1, 1, 1),
(163, 'LIDERAZGO E INNOVACION PARA LA PAZ', 1, 2, 1),
(164, 'ESTABLECIMIENTO DE CULTIVOS EN AGRICULTURA URBANA', 1, 1, 1),
(165, 'EMPRENDIMIENTO INNOVADOR', 1, 2, 1),
(166, 'PRODUCCION DE BIOABONOS', 1, 2, 1),
(167, 'CONTABILIDAD COSTOS Y PRESUPUESTOS', 1, 2, 1),
(168, 'CONSTRUCCION BÁSICA', 1, 1, 1),
(169, 'PROCEDIMIENTO TECNICO DE SPA EN MANICURA Y PEDICURA', 1, 1, 1),
(170, 'ENCASETAMIENTO DE AVES.', 1, 2, 1),
(171, 'ELABORAR CALCULOS Y TABLAS FINANCIERAS CON MICROSOFT EXCEL', 1, 1, 1),
(172, 'TRAZO, CORTE Y CONFECCIÓN DE PANTALÓN FEMENINO', 1, 1, 1),
(173, 'PREPARACION DE ARROCES', 1, 1, 1),
(174, 'ELABORACION DE PRODUCTOS DE REPOSTERIA.', 1, 1, 1),
(175, 'INGLES BASICO - NIVEL 1', 1, 2, 1),
(176, 'APLICACION DE PRINCIPIOS EN LA VIGILANCIA EN  SALUD PUBLICA', 1, 1, 1),
(177, 'PROCESOS BASICOS DE PANADERIA', 1, 1, 1),
(178, 'EMPRENDIMIENTO EN PRODUCCION DE CULTIVOS TRANSITORIOS', 1, 2, 1),
(179, 'GESTION DE OPERACIONES PORTUARIAS CON ENFASIS EN SEGURIDAD Y PROTECCION AMBIENTAL', 1, 1, 1),
(180, 'MANEJO BÁSICO EN PRODUCCIÓN PISCÍCOLA.', 1, 1, 1),
(181, 'ELABORACION DE BLUSA Y PANTALON FEMENINO SOBRE MEDIDAS', 1, 1, 1),
(182, 'CONFIGURACION DE PUESTA A TIERRA Y REGIMENES DE NEUTRO', 1, 1, 1),
(183, 'GESTION Y EDUCACION AMBIENTAL.', 1, 1, 1),
(184, 'MONITOREO EN EL MANEJO INTEGRADO DE PLAGAS, ENFERMEDADES Y ARVENSES DE CULTIVOS', 1, 2, 1),
(185, 'EJECUCION DEL PIANO FUNCIONAL', 1, 2, 1),
(186, 'SOLUCION DE CONFLICTOS PARA LOS NIÑOS, NIÑAS Y ADOLESCENTES EN DELITO', 1, 1, 1),
(187, 'CONOCIMIENTOS BASICOS DE PATRONAJE, CORTE Y CONFECCIÓN DE FALDA Y BLUSA', 1, 1, 1),
(188, 'BÀSICO EN CONSTRUCCIONES LIVIANAS EN SECO', 1, 1, 1),
(189, 'FORTALECIMIENTO PEDAGOGICO COMUNITARIO EN LA PRIMERA INFANCIA', 1, 1, 1),
(190, 'ENGLISH DOES WORK - LEVEL 1', 1, 1, 1),
(191, 'ADMINISTRACION Y CONTROL DE INVENTARIOS', 1, 1, 1),
(192, 'APROPIACION DE ASPECTOS TECNICOS Y NORMATIVOS PARA LA ELABORACION DE ESTUDIOS AMBIENTALES.', 1, 1, 1),
(193, 'SISTEMA DE GESTION DE LA SEGURIDAD Y SALUD EN EL TRABAJO SG-SST', 1, 1, 1),
(194, 'DESARROLLO DE COMPETENCIAS DIGITALES EN EL TALENTO HUMANO EN SALUD', 1, 1, 1),
(195, 'ORIENTACION DE PLANES DE INTERVENCION EN LAS EMPRESAS U ORGANIZACIONES RURALES', 1, 2, 1),
(196, 'FORTALECIMIENTO EN GESTION ORGANIZACIONAL', 1, 1, 1),
(197, 'EJECUCION DEL PIANO FUNCIONAL', 1, 1, 1),
(198, 'CONSTRUCCION DE PAVIMENTOS EN CONCRETO RIGIDO PARA VIAS', 1, 1, 1),
(199, 'ENGLISH DOES WORK - LEVEL 3', 1, 1, 1),
(200, 'ANALISIS DEL SISTEMA DE ADMINISTRACION DEL RIESGO Y LAVADO DE ACTIVOS Y FINANCIACION DEL TERRORISMO ', 1, 1, 1),
(201, 'ANALISIS FINANCIERO.', 1, 1, 1),
(202, 'ADMINISTRACION DE RECURSOS HUMANOS', 1, 1, 1),
(203, 'ENGLISH DOES WORK - LEVEL 2', 1, 1, 1),
(204, 'BASES DE DATOS GENERALIDADES Y SISTEMAS DE GESTION', 1, 1, 1),
(205, 'ELABORACION DE PRESUPUESTOS EMPRESARIALES', 1, 1, 1),
(206, 'ACTUALIZACION DEL SISTEMA DE GESTION DE SEGURIDAD Y SALUD EN EL TRABAJO SG-SST', 1, 1, 1),
(207, 'GESTION DEL RIESGO DE CIBERSEGURIDAD ORGANIZACIONAL', 1, 1, 1),
(208, 'APLICACION DE SIG EN SISTEMAS FORESTALES Y AGROECOLOGICOS', 1, 1, 1),
(209, 'APLICACION DE CONCEPTOS DE ECONOMIA CIRCULAR EN CONTEXTOS PRODUCTIVOS', 1, 1, 1),
(210, 'AUDITORIA INFORMATICA: CONCEPTUALIZACION', 1, 1, 1),
(211, 'CONTABILIDAD EN LAS ORGANIZACIONES.', 1, 1, 1),
(212, 'ELABORACION DEL PRESUPUESTO PARA EL MANEJO DE LAS FINANZAS PERSONALES.', 1, 1, 1),
(213, 'PRODUCCION AGROPECUARIA', 2, 1, 1),
(214, 'ANALISIS Y DESARROLLO DE SOFTWARE.', 3, 1, 1),
(215, '.APOYO ADMINISTRATIVO EN SALUD.', 2, 2, 1),
(216, 'GESTION DE LA PRODUCCION AGRICOLA', 3, 1, 1),
(217, 'SERVICIO DE RECEPCION HOTELERA', 2, 1, 1),
(218, 'PRODUCCION AGROPECUARIA', 2, 2, 1),
(219, 'MANTENIMIENTO DE EQUIPOS DE AIRE ACONDICIONADO Y REFRIGERACION', 2, 1, 1),
(220, 'SALUD PUBLICA', 2, 1, 1),
(221, 'GESTIÓN DE RECURSOS NATURALES', 3, 1, 1),
(222, 'COORDINACION DE PROCESOS LOGISTICOS', 3, 1, 1),
(223, 'INSTALACION DE SISTEMAS ELECTRICOS RESIDENCIALES Y COMERCIALES', 2, 1, 1),
(224, 'PRODUCCION PECUARIA.', 2, 1, 1),
(225, 'CONSTRUCCION DE EDIFICACIONES', 2, 1, 1),
(226, 'GESTION CONTABLE Y DE INFORMACION FINANCIERA', 3, 1, 1),
(227, 'SISTEMAS TELEINFORMÁTICOS', 2, 1, 1),
(228, 'COORDINACION DE SERVICIOS HOTELEROS', 3, 1, 1),
(229, 'MANEJO DE LA PRODUCCION AGROECOLOGICA', 2, 1, 1),
(230, 'EJECUCION DE PROGRAMAS DEPORTIVOS.', 2, 1, 1),
(231, 'PROGRAMACION PARA ANALITICA DE DATOS.', 2, 2, 1),
(232, 'ELABORACION DE PRODUCTOS ALIMENTICIOS.', 2, 1, 1),
(233, 'GESTION DE LOS DERECHOS DEL CAMPESINO Y ORDENAMIENTO DE LA TERRITORIALIDAD', 2, 2, 1),
(234, '.ATENCION INTEGRAL A LA PRIMERA INFANCIA', 2, 1, 1),
(235, 'GESTION AGROEMPRESARIAL', 3, 1, 1),
(236, 'RECREACION.', 2, 1, 1),
(237, 'INSTALACIONES PARA SUMINISTRO DE GAS COMBUSTIBLE EN EDIFICACIONES RESIDENCIALES Y COMERCIALES.', 2, 1, 1),
(238, 'MANTENIMIENTO DE MOTOCICLETAS Y MOTOCARROS.', 2, 3, 1),
(239, 'DESARROLLO DE PROCESOS DE MERCADEO', 3, 1, 1),
(240, '.APOYO ADMINISTRATIVO EN SALUD.', 2, 1, 1),
(241, 'PRODUCCION PISCICOLA', 4, 2, 1),
(242, 'GESTION AGROEMPRESARIAL', 3, 2, 1),
(243, 'SUPERVISION DE VENTAS', 3, 1, 1),
(244, 'EBANISTERIA.', 2, 1, 1),
(245, 'CONTROL DE MOVILIDAD, TRANSPORTE Y SEGURIDAD VIAL', 2, 1, 1),
(246, 'CARPINTERIA.', 2, 1, 1),
(247, '.ATENCION INTEGRAL A LA PRIMERA INFANCIA', 2, 2, 1),
(248, 'GESTION ADMINISTRATIVA DEL SECTOR SALUD.', 3, 2, 1),
(249, 'SERVICIOS FARMACEUTICOS', 2, 1, 1),
(250, 'SISTEMAS TELEINFORMÁTICOS', 2, 2, 1),
(251, 'IMPLEMENTACION DE INFRAESTRUCTURA DE TECNOLOGIAS DE LA INFORMACION Y LAS COMUNICACIONES.', 3, 1, 1),
(252, 'GESTIÓN ADMINISTRATIVA', 3, 1, 1),
(253, 'PELUQUERIA.', 2, 1, 1),
(254, 'MAMPOSTERIA.', 4, 1, 1),
(255, 'PROGRAMACION DE VIDEOJUEGOS', 2, 1, 1),
(256, 'CONTABILIZACION DE OPERACIONES COMERCIALES Y FINANCIERAS.', 2, 1, 1),
(257, 'RECURSOS HUMANOS .', 2, 1, 1),
(258, 'PROMOTORIA PARA LA ASOCIATIVIDAD SOLIDARIA', 2, 1, 1),
(259, 'CULTIVOS AGRICOLAS', 2, 1, 1),
(260, 'CONSERVACION DE RECURSOS NATURALES', 2, 1, 1),
(261, 'ASISTENCIA ADMINISTRATIVA .', 2, 1, 1),
(262, 'PROGRAMACION DE SOFTWARE .', 2, 1, 1),
(263, 'SERVICIOS FARMACEUTICOS', 2, 2, 1),
(264, 'LABORES DE CAMPO EN CULTIVOS', 4, 1, 1),
(265, 'PROMOTOR DE SALUD', 5, 2, 1),
(266, 'CONSERVACION DE RECURSOS NATURALES', 2, 2, 1),
(267, 'ENTRENAMIENTO DEPORTIVO', 3, 2, 1),
(268, 'COMERCIALIZACIÓN DE PRODUCTOS MASIVOS', 2, 2, 1),
(269, 'SUPERVISIÓN DE REDES DE DISTRIBUCIÓN DE ENERGÍA ELÉCTRICA', 3, 1, 1),
(270, 'SERVICIOS COMERCIALES Y FINANCIEROS', 2, 1, 1),
(271, 'SISTEMAS AGROPECUARIOS ECOLOGICOS.', 2, 1, 1),
(272, 'GESTION COMUNITARIA DEL RIESGO DE DESASTRES', 2, 1, 1),
(273, 'ANALISIS Y DESARROLLO DE SOFTWARE.', 3, 2, 1),
(274, 'MANTENIMIENTO DE EQUIPOS DE AIRE ACONDICIONADO Y REFRIGERACION', 2, 2, 1),
(275, 'PROMOTOR DE SALUD', 5, 1, 1),
(276, 'RECURSOS HUMANOS .', 2, 2, 1),
(277, 'CONTABILIZACION DE OPERACIONES COMERCIALES Y FINANCIERAS.', 2, 2, 1),
(278, 'ASESORIA COMERCIAL', 2, 2, 1),
(279, 'OPERACIONES DE COMERCIO EXTERIOR', 2, 1, 1),
(280, 'EJECUCION DE PROGRAMAS DEPORTIVOS.', 2, 2, 1),
(281, 'PROGRAMACION DE SOFTWARE .', 2, 2, 1),
(282, 'OPERACIONES DE COMERCIO EXTERIOR', 2, 2, 1),
(283, 'COMPRAS Y ABASTECIMIENTO', 2, 1, 1),
(284, 'OPERACION TURISTICA LOCAL', 2, 2, 1),
(285, 'OPERACION DE ALOJAMIENTOS RURALES', 2, 1, 1),
(286, 'PRODUCCION PECUARIA.', 2, 2, 1),
(287, 'CULTIVO Y COSECHA DE LA PALMA DE ACEITE', 2, 1, 1),
(288, 'MANEJO INTEGRAL DE RESIDUOS SÓLIDOS', 2, 2, 1),
(289, 'ASESORIA COMERCIAL', 2, 1, 1),
(290, 'SISTEMAS AGROPECUARIOS ECOLOGICOS.', 2, 2, 1),
(291, 'ELECTRICISTA INDUSTRIAL', 2, 1, 1),
(292, 'COMERCIALIZACIÓN DE PRODUCTOS MASIVOS', 2, 1, 1),
(293, 'COMPRAS Y ABASTECIMIENTO', 2, 2, 1),
(294, 'DESARROLLO DE MEDIOS GRAFICOS VISUALES', 3, 1, 1),
(295, 'OPERACIÓN DE EVENTOS', 2, 2, 1),
(296, 'MANTENIMIENTO DE MOTOCICLETAS Y MOTOCARROS.', 2, 2, 1),
(297, 'INTEGRACION DE OPERACIONES LOGISTICAS', 2, 2, 1),
(298, 'ASISTENCIA ADMINISTRATIVA .', 2, 2, 1),
(299, 'ENTRENAMIENTO DEPORTIVO', 3, 1, 1),
(300, 'MANTENIMIENTO DE EQUIPOS DE COMPUTO.', 2, 1, 1),
(301, 'INTEGRACION DE OPERACIONES LOGISTICAS', 2, 1, 1),
(302, 'OPERACIÓN DE EVENTOS', 2, 1, 1),
(303, 'ACTIVIDAD FISICA', 3, 1, 1),
(304, 'OPERACION TURISTICA LOCAL', 2, 1, 1),
(305, 'MANTENIMIENTO Y ENSAMBLE DE EQUIPOS ELECTRONICOS.', 2, 1, 1),
(306, 'MANTENIMIENTO Y ENSAMBLE DE EQUIPOS ELECTRONICOS.', 2, 2, 1),
(307, 'ACTIVIDAD FISICA', 3, 2, 1),
(308, 'CULTIVOS AGRICOLAS', 2, 2, 1),
(309, 'MANEJO INTEGRAL DE RESIDUOS SÓLIDOS', 2, 1, 1),
(310, 'MONITOREO AMBIENTAL', 2, 1, 1),
(311, 'SERVICIOS POSTALES Y TRANSPORTE DE MERCANCIAS', 2, 2, 1),
(312, 'PRODUCCIÓN AGROPECUARIA ECOLÓGICA', 3, 2, 1),
(313, 'MANTENIMIENTO DE EQUIPOS DE COMPUTO.', 2, 2, 1),
(314, 'ASISTENCIA ADMINISTRATIVA .', 2, 3, 1),
(315, 'INTERPRETACION DE INSTRUMENTOS MUSICALES.', 2, 1, 1),
(316, 'MONITOREO AMBIENTAL', 2, 2, 1),
(317, 'GESTION DE TESORERIA Y RECURSOS FINANCIEROS', 3, 1, 1),
(318, 'GESTION DE TESORERIA Y RECURSOS FINANCIEROS', 3, 2, 1),
(319, 'ASISTENCIA EN ORGANIZACION DE ARCHIVOS .', 2, 1, 1),
(320, 'DESARROLLO MULTIMEDIA Y WEB', 3, 1, 1),
(321, 'VENTA DE PRODUCTOS EN LINEA', 2, 1, 1),
(322, 'DESARROLLO PUBLICITARIO', 3, 1, 1),
(323, 'GESTION ADMINISTRATIVA DEL SECTOR SALUD.', 3, 1, 1),
(324, 'MANTENIMIENTO DE LOS MOTORES DIESEL', 2, 2, 1),
(325, 'COCINA', 5, 2, 1),
(326, 'ATENCION INTEGRAL AL CLIENTE', 2, 1, 1),
(327, 'SUPERVISION EN SISTEMAS DE AGUA Y SANEAMIENTO', 3, 2, 1),
(328, 'DESARROLLO DE PROCESOS DE MERCADEO', 3, 3, 1),
(329, 'MECANICA DE MAQUINARIA INDUSTRIAL', 2, 2, 1),
(330, 'GESTION DE LA PRODUCCION AGRICOLA', 3, 2, 1),
(331, 'CONTROL DE CALIDAD EN CONFECCION INDUSTRIAL', 2, 1, 1),
(332, 'ATENCION INTEGRAL AL CLIENTE', 2, 2, 1),
(333, 'GESTION INTEGRAL DEL TRANSPORTE', 3, 1, 1),
(334, 'COORDINACION DE PROCESOS LOGISTICOS', 3, 2, 1),
(335, 'GESTION CONTABLE Y DE INFORMACION FINANCIERA', 3, 2, 1),
(336, 'GESTIÓN DE EMPRESAS AGROPECUARIAS', 3, 2, 1),
(337, 'GESTION EFICIENTE DE LA ENERGIA', 3, 1, 1),
(338, 'SERVICIOS COMERCIALES Y FINANCIEROS', 2, 2, 1),
(339, 'MECANICA DE MAQUINARIA INDUSTRIAL', 2, 1, 1),
(340, 'GESTION DE REDES DE DATOS', 3, 1, 1),
(341, 'GESTION DEL DESARROLLO ADMINISTRATIVO E INNOVACION', 3, 1, 1),
(342, 'GESTIÓN ADMINISTRATIVA', 3, 2, 1),
(343, 'DESARROLLO DE COLECCIONES PARA LA INDUSTRIA DE LA MODA.', 3, 1, 1),
(344, 'SISTEMAS TELEINFORMÁTICOS', 2, 3, 1),
(345, 'GESTIÓN DE EMPRESAS AGROPECUARIAS', 3, 1, 1),
(346, 'SUPERVISIÓN DE REDES DE DISTRIBUCIÓN DE ENERGÍA ELÉCTRICA', 3, 2, 1),
(347, 'SUPERVISION DE ACTIVIDADES BANANERAS', 2, 1, 1),
(348, 'DESARROLLO DE MEDIOS GRAFICOS VISUALES', 3, 2, 1),
(349, 'PATRONAJE INDUSTRIAL DE PRENDAS DE VESTIR', 2, 1, 1),
(350, 'GESTION AGROEMPRESARIAL', 3, 3, 1),
(351, 'IMPLEMENTACION Y GESTION DE BASES DE DATOS', 3, 1, 1),
(352, 'EMPRENDIMIENTO Y FOMENTO EMPRESARIAL', 2, 1, 1),
(353, 'DESARROLLO DE HABILIDADES, PRINCIPIOS Y VALORES PARA LA VIDA Y EL TRABAJO', 6, 1, 1),
(354, 'SEMINARIO SOSTENIBILIDAD Y RESPONSABILIDAD SOCIAL', 6, 1, 1),
(355, 'DESARROLLO DE HABILIDADES, PRINCIPIOS Y VALORES PARA LA VIDA Y EL TRABAJO', 6, 1, 1),
(356, 'APLICACION DE CONDICIONES DE BIENESTAR ANIMAL EN LA PRODUCCION DE PORCINOS', 1, 1, 1),
(357, 'MANEJO DE LOS RESIDUOS SOLIDOS EN LA PRODUCCION AVICOLA.', 1, 2, 1),
(358, 'ECONOMIA SOLIDARIA UN EJE ESTRATEGICO DE SUPERVIVENCIA SOCIAL.', 1, 2, 1),
(359, 'SEGURIDAD INDUSTRIAL Y RIESGO ELÉCTRICO', 1, 3, 1),
(360, 'ELABORACION ARTESANAL DE PRODUCTOS DE PANIFICACION.', 1, 1, 1),
(361, 'TÉCNICAS PARA FOTOGRAFIA DIGITAL', 1, 1, 1),
(362, 'FORMULACION DE PROYECTOS DE INVESTIGACION FORMATIVA', 1, 1, 1),
(363, 'DESARROLLO DE HABILIDADES PARA EL DESEMPEÑO DEL INSTRUCTOR SENA', 1, 1, 1),
(364, 'DESARROLLO DE HABILIDADES DE LA POBLACION RECICLADORA EN LA CADENA DE APROVECHAMIENTO', 1, 1, 1),
(365, 'MOTORISTA COSTANERO.', 1, 1, 1),
(366, 'MEDICION DE LA HUELLA HIDRICA.', 1, 2, 1),
(367, 'FORTALECIMIENTO EN COMERCIALIZACION DE PRODUCTOS Y SERVICIOS RURALES', 1, 1, 1),
(368, 'ELABORACION DEL PLAN DE MERCADEO', 1, 1, 1),
(369, 'REGISTRO INDIVIDUAL DE PRESTACION DE SERVICIOS DE SALUD-RIPS', 1, 2, 1),
(370, 'EMPRENDIMIENTO SOCIAL Y COMUNITARIO', 1, 2, 1),
(371, 'DESARROLLO DE HABILIDADES PARA EL BIENESTAR FAMILIAR Y COMUNITARIO.', 1, 2, 1),
(372, 'EMPRENDIMIENTO SOCIAL Y COMUNITARIO', 1, 1, 1),
(373, 'OPERACION SEGURA DE MONTACARGAS.', 1, 1, 1),
(374, 'APLICACION DE TECNICAS EN MAQUILLAJE SOCIAL', 1, 2, 1),
(375, 'ANÁLISIS FÍSICO DE SUELOS', 1, 1, 1),
(376, 'REVOQUE EN MUROS Y TECHOS', 1, 2, 1),
(377, 'TECNICAS BASICAS DE PEINADO Y TRENZADO', 1, 2, 1),
(378, 'BÁSICO DE CONSTRUCCION DE ESTRUCTURAS EN CONCRETO', 1, 1, 1),
(379, 'INSPECCION DE TABLEROS ELECTRICOS EN BAJA TENSION.', 1, 2, 1),
(380, 'INGLES BASICO - NIVEL 2', 1, 3, 1),
(381, 'CONTROL FITOSANITARIO DEL CULTIVO DE CACAO', 1, 1, 1),
(382, 'ORIENTACION PARA EL ACCESO AL SISTEMA DE SALUD', 1, 2, 1),
(383, 'CONTABILIDAD:  RECONOCIMIENTO DE RECURSOS FINANCIEROS', 1, 2, 1),
(384, 'COSTOS Y PRECIOS DE UN PRODUCTO.', 1, 1, 1),
(385, 'CONTROL FITOSANITARIO EN EL CULTIVO DE CACAO', 1, 1, 1),
(386, 'PRODUCCION DE ALIMENTO CONCENTRADO PARA PECES', 1, 2, 1),
(387, 'PROTECCION Y CONSERVACION DE ALIMENTOS..', 1, 1, 1),
(388, 'HIGIENE Y MANIPULACION DE ALIMENTOS.', 1, 2, 1),
(389, 'OPERACION DE TRACTOR DE TERMINAL PORTUARIO', 1, 1, 1),
(390, 'TENDIDO DE ACOMETIDAS ELECTRICAS EN BAJA TENSION', 1, 1, 1),
(391, 'MANEJO DE LOS RESIDUOS SOLIDOS EN LA PRODUCCION AVICOLA.', 1, 1, 1),
(392, 'FORMULACION DEL PLAN DE MARKETING', 1, 2, 1),
(393, 'INTERVENCIONES INDIVIDUALES PARA LA PROMOCION Y MANTENIMIENTO DE LA SALUD', 1, 1, 1),
(394, 'ACREDITACION EN SALUD', 1, 2, 1),
(395, 'BIOSEGURIDAD APLICADA A LA ESTETICA Y BELLEZA', 1, 1, 1);

-- --------------------------------------------------------

--
-- Estructura de tabla para la tabla `rol`
--

CREATE TABLE `rol` (
  `id_rol` int(11) NOT NULL,
  `nombre_rol` varchar(50) NOT NULL,
  `descripcion` varchar(200) DEFAULT NULL
) ENGINE=InnoDB DEFAULT CHARSET=utf8mb4 COLLATE=utf8mb4_general_ci;

--
-- Volcado de datos para la tabla `rol`
--

INSERT INTO `rol` (`id_rol`, `nombre_rol`, `descripcion`) VALUES
(1, 'Administrador', 'Administra el sistema, programa los eventos aprobados y gestiona la información institucional.'),
(2, 'Coordinador Académico', 'Revisa las solicitudes de eventos, valida la disponibilidad del auditorio y autoriza o rechaza su realización.'),
(3, 'Instructor', 'Consulta la disponibilidad de auditorios, planifica actividades académicas y solicita la programación de eventos.'),
(4, 'Aprendiz', 'Consulta la información de los eventos, realiza el preregistro, registra su asistencia y descarga su certificado.');

-- --------------------------------------------------------

--
-- Estructura de tabla para la tabla `solicitud_usuario`
--

CREATE TABLE `solicitud_usuario` (
  `id_solicitud` int(11) NOT NULL,
  `tipo_documento` varchar(10) NOT NULL DEFAULT 'CC',
  `id_documento` bigint(20) NOT NULL,
  `nombre` varchar(50) NOT NULL,
  `apellido` varchar(50) NOT NULL,
  `correo` varchar(100) NOT NULL,
  `telefono` varchar(15) DEFAULT NULL,
  `id_rol` int(11) NOT NULL,
  `id_ficha` int(11) DEFAULT NULL,
  `estado` varchar(20) NOT NULL DEFAULT 'Pendiente',
  `observacion` varchar(255) DEFAULT NULL,
  `fecha_solicitud` datetime NOT NULL DEFAULT current_timestamp(),
  `fecha_respuesta` datetime DEFAULT NULL,
  `id_admin_respuesta` bigint(20) DEFAULT NULL
) ENGINE=InnoDB DEFAULT CHARSET=utf8mb4 COLLATE=utf8mb4_general_ci;

-- --------------------------------------------------------

--
-- Estructura de tabla para la tabla `tipo_evento`
--

CREATE TABLE `tipo_evento` (
  `id_tipo_evento` int(11) NOT NULL,
  `nombre_tipo` varchar(50) NOT NULL
) ENGINE=InnoDB DEFAULT CHARSET=utf8mb4 COLLATE=utf8mb4_general_ci;

--
-- Volcado de datos para la tabla `tipo_evento`
--

INSERT INTO `tipo_evento` (`id_tipo_evento`, `nombre_tipo`) VALUES
(1, 'Conferencia'),
(2, 'Seminario'),
(3, 'Capacitación'),
(4, 'Taller');

-- --------------------------------------------------------

--
-- Estructura de tabla para la tabla `usuario`
--

CREATE TABLE `usuario` (
  `id_documento` bigint(20) NOT NULL,
  `tipo_documento` varchar(10) NOT NULL DEFAULT 'CC',
  `nombre` varchar(50) NOT NULL,
  `apellido` varchar(50) NOT NULL,
  `correo` varchar(100) NOT NULL,
  `contrasena` varchar(255) NOT NULL,
  `telefono` varchar(15) DEFAULT NULL,
  `foto_perfil` varchar(255) DEFAULT NULL,
  `fecha_registro` date NOT NULL,
  `id_rol` int(11) NOT NULL,
  `id_ficha` int(11) DEFAULT NULL,
  `id_estado` int(11) DEFAULT NULL
) ENGINE=InnoDB DEFAULT CHARSET=utf8mb4 COLLATE=utf8mb4_general_ci;

--
-- Volcado de datos para la tabla `usuario`
--

INSERT INTO `usuario` (`id_documento`, `tipo_documento`, `nombre`, `apellido`, `correo`, `contrasena`, `telefono`, `foto_perfil`, `fecha_registro`, `id_rol`, `id_ficha`, `id_estado`) VALUES
(1001001001, 'CC', 'Andrés', 'García', 'kevinandres212004@gmail.com', '$2y$10$L6T4uJnkI/3A0jp2EDFIw.dK.P3ay/22LWlWKHPRR4t0cKTHDD77q', '3001234567', NULL, '2025-01-10', 1, NULL, 1),
(1001001003, 'CC', 'Carlos', 'Ramírez', 'carlos.ramirez@sena.edu.co', '$2b$10$CYFGNKD4p8tBYBGltqkfXOp.AhhbsrFuVtR6pyf4zf2kV5g4h7K.O', '3003456789', NULL, '2025-01-10', 3, NULL, 1),
(1001001004, 'CC', 'Kaia Michel', 'Torres', 'kaia.torres@sena.edu.co', '$2b$10$Ebv2JQZ5SDSdS3PxWwZst.urch6dqoNNQIGdruYaXSw/133eo/tlG', '3004567890', NULL, '2025-01-15', 4, 3496064, 1),
(1001001005, 'CC', 'Valentina', 'Higuita Suarez', 'valentina.higuita.suarez@gmail.com', '$2b$10$Ebv2JQZ5SDSdS3PxWwZst.urch6dqoNNQIGdruYaXSw/133eo/tlG', '3207873830', 'uploads/perfiles/aprendiz_1001001005_1782922608.jpg', '2025-01-15', 4, 3063365, 1),
(1001001006, 'CC', 'Juan Esteban', 'Pérez', 'juan.perez@sena.edu.co', '$2b$10$Ebv2JQZ5SDSdS3PxWwZst.urch6dqoNNQIGdruYaXSw/133eo/tlG', '3006789012', NULL, '2025-01-15', 4, 3496064, 1),
(1001001007, 'CC', 'Michelle', 'Mosquera', 'mosquerkaiamichel@gmail.com', '$2y$10$HvXO8kKh.mseJ7934CFZ9.SXvDAHA8jXjB0jhwgA2X6lV8hWqx11y', NULL, 'uploads/perfiles/instructor_1001001007_1783116556.jpg', '2026-07-03', 3, NULL, 1),
(1001001010, 'CC', 'Camila Andrea', 'Rojas', 'aprendiz.prueba.1010@sena.edu.co', '$2b$10$Ebv2JQZ5SDSdS3PxWwZst.urch6dqoNNQIGdruYaXSw/133eo/tlG', '3001001010', NULL, '2026-07-09', 4, 3496064, 1),
(1001001011, 'CC', 'Daniel Felipe', 'Gomez', 'aprendiz.prueba.1011@sena.edu.co', '$2b$10$Ebv2JQZ5SDSdS3PxWwZst.urch6dqoNNQIGdruYaXSw/133eo/tlG', '3001001011', NULL, '2026-07-09', 4, 3496064, 1),
(1001001012, 'CC', 'Valentina', 'Martinez', 'aprendiz.prueba.1012@sena.edu.co', '$2b$10$Ebv2JQZ5SDSdS3PxWwZst.urch6dqoNNQIGdruYaXSw/133eo/tlG', '3001001012', NULL, '2026-07-09', 4, 3496064, 1),
(1001001013, 'CC', 'Sebastian', 'Lopez', 'aprendiz.prueba.1013@sena.edu.co', '$2b$10$Ebv2JQZ5SDSdS3PxWwZst.urch6dqoNNQIGdruYaXSw/133eo/tlG', '3001001013', NULL, '2026-07-09', 4, 3496064, 1),
(1001001014, 'CC', 'Manuela', 'Castro', 'aprendiz.prueba.1014@sena.edu.co', '$2b$10$Ebv2JQZ5SDSdS3PxWwZst.urch6dqoNNQIGdruYaXSw/133eo/tlG', '3001001014', NULL, '2026-07-09', 4, 2924273, 1),
(1001001015, 'CC', 'Santiago', 'Moreno', 'aprendiz.prueba.1015@sena.edu.co', '$2b$10$Ebv2JQZ5SDSdS3PxWwZst.urch6dqoNNQIGdruYaXSw/133eo/tlG', '3001001015', NULL, '2026-07-09', 4, 2924273, 1),
(1001001016, 'CC', 'Juliana', 'Herrera', 'aprendiz.prueba.1016@sena.edu.co', '$2b$10$Ebv2JQZ5SDSdS3PxWwZst.urch6dqoNNQIGdruYaXSw/133eo/tlG', '3001001016', NULL, '2026-07-09', 4, 2977478, 1),
(1001001017, 'CC', 'Nicolas', 'Vargas', 'aprendiz.prueba.1017@sena.edu.co', '$2b$10$Ebv2JQZ5SDSdS3PxWwZst.urch6dqoNNQIGdruYaXSw/133eo/tlG', '3001001017', NULL, '2026-07-09', 4, 2977478, 1),
(1001001018, 'CC', 'Mariana', 'Quintero', 'aprendiz.prueba.1018@sena.edu.co', '$2b$10$Ebv2JQZ5SDSdS3PxWwZst.urch6dqoNNQIGdruYaXSw/133eo/tlG', '3001001018', NULL, '2026-07-09', 4, 3070120, 1),
(1001001019, 'CC', 'Mateo', 'Salazar', 'aprendiz.prueba.1019@sena.edu.co', '$2b$10$Ebv2JQZ5SDSdS3PxWwZst.urch6dqoNNQIGdruYaXSw/133eo/tlG', '3001001019', NULL, '2026-07-09', 4, 3070120, 1),
(18188181881, 'CC', 'María', 'Torres', 'marye46@hotmail.com', '$2y$10$ZlDoUsH8BgzqQY9jalxBDuMwL/AODjnMpwQBaqG7wNwU.a6.YPNc2', NULL, NULL, '2026-07-08', 2, NULL, 1);

--
-- Índices para tablas volcadas
--

--
-- Indices de la tabla `auditorio`
--
ALTER TABLE `auditorio`
  ADD PRIMARY KEY (`id_auditorio`),
  ADD KEY `fk_auditorio_estado` (`id_estado`);

--
-- Indices de la tabla `auditorio_caracteristica`
--
ALTER TABLE `auditorio_caracteristica`
  ADD PRIMARY KEY (`id_auditorio`,`id_caracteristica`),
  ADD KEY `id_caracteristica` (`id_caracteristica`);

--
-- Indices de la tabla `caracteristica`
--
ALTER TABLE `caracteristica`
  ADD PRIMARY KEY (`id_caracteristica`),
  ADD KEY `fk_caracteristica_estado` (`id_estado`);

--
-- Indices de la tabla `certificado`
--
ALTER TABLE `certificado`
  ADD PRIMARY KEY (`id_certificado`),
  ADD KEY `id_preregistro` (`id_preregistro`);

--
-- Indices de la tabla `competencia`
--
ALTER TABLE `competencia`
  ADD PRIMARY KEY (`id_competencia`),
  ADD KEY `id_programa` (`id_programa`),
  ADD KEY `fk_competencia_estado` (`id_estado`);

--
-- Indices de la tabla `componente`
--
ALTER TABLE `componente`
  ADD PRIMARY KEY (`id_componente`),
  ADD KEY `id_competencia` (`id_competencia`),
  ADD KEY `fk_componente_estado` (`id_estado`);

--
-- Indices de la tabla `estado`
--
ALTER TABLE `estado`
  ADD PRIMARY KEY (`id_estado`),
  ADD UNIQUE KEY `nombre_estado` (`nombre_estado`);

--
-- Indices de la tabla `evento`
--
ALTER TABLE `evento`
  ADD PRIMARY KEY (`id_evento`),
  ADD UNIQUE KEY `codigo_evento` (`codigo_evento`),
  ADD KEY `id_auditorio` (`id_auditorio`),
  ADD KEY `id_tipo_evento` (`id_tipo_evento`),
  ADD KEY `id_solicitante` (`id_solicitante`),
  ADD KEY `id_coordinador` (`id_coordinador`),
  ADD KEY `fk_evento_estado` (`id_estado`);

--
-- Indices de la tabla `ficha`
--
ALTER TABLE `ficha`
  ADD PRIMARY KEY (`id_ficha`),
  ADD KEY `id_programa` (`id_programa`),
  ADD KEY `fk_ficha_estado` (`id_estado`);

--
-- Indices de la tabla `jornada`
--
ALTER TABLE `jornada`
  ADD PRIMARY KEY (`id_jornada`);

--
-- Indices de la tabla `nivel_formacion`
--
ALTER TABLE `nivel_formacion`
  ADD PRIMARY KEY (`id_nivel_formacion`);

--
-- Indices de la tabla `password_reset`
--
ALTER TABLE `password_reset`
  ADD PRIMARY KEY (`id_reset`),
  ADD UNIQUE KEY `token_hash` (`token_hash`),
  ADD KEY `idx_password_reset_documento` (`id_documento`);

--
-- Indices de la tabla `preregistro`
--
ALTER TABLE `preregistro`
  ADD PRIMARY KEY (`id_preregistro`),
  ADD KEY `id_documento` (`id_documento`),
  ADD KEY `id_evento` (`id_evento`);

--
-- Indices de la tabla `programa`
--
ALTER TABLE `programa`
  ADD PRIMARY KEY (`id_programa`),
  ADD KEY `id_nivel_formacion` (`id_nivel_formacion`),
  ADD KEY `id_jornada` (`id_jornada`),
  ADD KEY `fk_programa_estado` (`id_estado`);

--
-- Indices de la tabla `rol`
--
ALTER TABLE `rol`
  ADD PRIMARY KEY (`id_rol`);

--
-- Indices de la tabla `solicitud_usuario`
--
ALTER TABLE `solicitud_usuario`
  ADD PRIMARY KEY (`id_solicitud`),
  ADD KEY `idx_solicitud_estado` (`estado`),
  ADD KEY `idx_solicitud_documento` (`id_documento`),
  ADD KEY `idx_solicitud_correo` (`correo`);

--
-- Indices de la tabla `tipo_evento`
--
ALTER TABLE `tipo_evento`
  ADD PRIMARY KEY (`id_tipo_evento`);

--
-- Indices de la tabla `usuario`
--
ALTER TABLE `usuario`
  ADD PRIMARY KEY (`id_documento`),
  ADD UNIQUE KEY `correo` (`correo`),
  ADD KEY `id_rol` (`id_rol`),
  ADD KEY `id_ficha` (`id_ficha`),
  ADD KEY `fk_usuario_estado` (`id_estado`);

--
-- AUTO_INCREMENT de las tablas volcadas
--

--
-- AUTO_INCREMENT de la tabla `auditorio`
--
ALTER TABLE `auditorio`
  MODIFY `id_auditorio` int(11) NOT NULL AUTO_INCREMENT, AUTO_INCREMENT=3;

--
-- AUTO_INCREMENT de la tabla `caracteristica`
--
ALTER TABLE `caracteristica`
  MODIFY `id_caracteristica` int(11) NOT NULL AUTO_INCREMENT, AUTO_INCREMENT=7;

--
-- AUTO_INCREMENT de la tabla `certificado`
--
ALTER TABLE `certificado`
  MODIFY `id_certificado` int(11) NOT NULL AUTO_INCREMENT, AUTO_INCREMENT=4;

--
-- AUTO_INCREMENT de la tabla `competencia`
--
ALTER TABLE `competencia`
  MODIFY `id_competencia` int(11) NOT NULL AUTO_INCREMENT, AUTO_INCREMENT=5;

--
-- AUTO_INCREMENT de la tabla `componente`
--
ALTER TABLE `componente`
  MODIFY `id_componente` int(11) NOT NULL AUTO_INCREMENT, AUTO_INCREMENT=7;

--
-- AUTO_INCREMENT de la tabla `estado`
--
ALTER TABLE `estado`
  MODIFY `id_estado` int(11) NOT NULL AUTO_INCREMENT, AUTO_INCREMENT=6;

--
-- AUTO_INCREMENT de la tabla `evento`
--
ALTER TABLE `evento`
  MODIFY `id_evento` int(11) NOT NULL AUTO_INCREMENT, AUTO_INCREMENT=15;

--
-- AUTO_INCREMENT de la tabla `jornada`
--
ALTER TABLE `jornada`
  MODIFY `id_jornada` int(11) NOT NULL AUTO_INCREMENT, AUTO_INCREMENT=4;

--
-- AUTO_INCREMENT de la tabla `nivel_formacion`
--
ALTER TABLE `nivel_formacion`
  MODIFY `id_nivel_formacion` int(11) NOT NULL AUTO_INCREMENT, AUTO_INCREMENT=7;

--
-- AUTO_INCREMENT de la tabla `password_reset`
--
ALTER TABLE `password_reset`
  MODIFY `id_reset` int(11) NOT NULL AUTO_INCREMENT, AUTO_INCREMENT=13;

--
-- AUTO_INCREMENT de la tabla `preregistro`
--
ALTER TABLE `preregistro`
  MODIFY `id_preregistro` int(11) NOT NULL AUTO_INCREMENT, AUTO_INCREMENT=10;

--
-- AUTO_INCREMENT de la tabla `programa`
--
ALTER TABLE `programa`
  MODIFY `id_programa` int(11) NOT NULL AUTO_INCREMENT, AUTO_INCREMENT=396;

--
-- AUTO_INCREMENT de la tabla `rol`
--
ALTER TABLE `rol`
  MODIFY `id_rol` int(11) NOT NULL AUTO_INCREMENT, AUTO_INCREMENT=5;

--
-- AUTO_INCREMENT de la tabla `solicitud_usuario`
--
ALTER TABLE `solicitud_usuario`
  MODIFY `id_solicitud` int(11) NOT NULL AUTO_INCREMENT;

--
-- AUTO_INCREMENT de la tabla `tipo_evento`
--
ALTER TABLE `tipo_evento`
  MODIFY `id_tipo_evento` int(11) NOT NULL AUTO_INCREMENT, AUTO_INCREMENT=5;

--
-- Restricciones para tablas volcadas
--

--
-- Filtros para la tabla `auditorio`
--
ALTER TABLE `auditorio`
  ADD CONSTRAINT `fk_auditorio_estado` FOREIGN KEY (`id_estado`) REFERENCES `estado` (`id_estado`);

--
-- Filtros para la tabla `auditorio_caracteristica`
--
ALTER TABLE `auditorio_caracteristica`
  ADD CONSTRAINT `ac_fk_auditorio` FOREIGN KEY (`id_auditorio`) REFERENCES `auditorio` (`id_auditorio`),
  ADD CONSTRAINT `ac_fk_caracteristica` FOREIGN KEY (`id_caracteristica`) REFERENCES `caracteristica` (`id_caracteristica`);

--
-- Filtros para la tabla `caracteristica`
--
ALTER TABLE `caracteristica`
  ADD CONSTRAINT `fk_caracteristica_estado` FOREIGN KEY (`id_estado`) REFERENCES `estado` (`id_estado`);

--
-- Filtros para la tabla `certificado`
--
ALTER TABLE `certificado`
  ADD CONSTRAINT `cert_fk_preregistro` FOREIGN KEY (`id_preregistro`) REFERENCES `preregistro` (`id_preregistro`);

--
-- Filtros para la tabla `competencia`
--
ALTER TABLE `competencia`
  ADD CONSTRAINT `comp_fk_programa` FOREIGN KEY (`id_programa`) REFERENCES `programa` (`id_programa`),
  ADD CONSTRAINT `fk_competencia_estado` FOREIGN KEY (`id_estado`) REFERENCES `estado` (`id_estado`);

--
-- Filtros para la tabla `componente`
--
ALTER TABLE `componente`
  ADD CONSTRAINT `compo_fk_competencia` FOREIGN KEY (`id_competencia`) REFERENCES `competencia` (`id_competencia`),
  ADD CONSTRAINT `fk_componente_estado` FOREIGN KEY (`id_estado`) REFERENCES `estado` (`id_estado`);

--
-- Filtros para la tabla `evento`
--
ALTER TABLE `evento`
  ADD CONSTRAINT `ev_fk_auditorio` FOREIGN KEY (`id_auditorio`) REFERENCES `auditorio` (`id_auditorio`),
  ADD CONSTRAINT `ev_fk_coordinador` FOREIGN KEY (`id_coordinador`) REFERENCES `usuario` (`id_documento`),
  ADD CONSTRAINT `ev_fk_solicitante` FOREIGN KEY (`id_solicitante`) REFERENCES `usuario` (`id_documento`),
  ADD CONSTRAINT `ev_fk_tipo_evento` FOREIGN KEY (`id_tipo_evento`) REFERENCES `tipo_evento` (`id_tipo_evento`),
  ADD CONSTRAINT `fk_evento_estado` FOREIGN KEY (`id_estado`) REFERENCES `estado` (`id_estado`);

--
-- Filtros para la tabla `ficha`
--
ALTER TABLE `ficha`
  ADD CONSTRAINT `ficha_fk_programa` FOREIGN KEY (`id_programa`) REFERENCES `programa` (`id_programa`),
  ADD CONSTRAINT `fk_ficha_estado` FOREIGN KEY (`id_estado`) REFERENCES `estado` (`id_estado`);

--
-- Filtros para la tabla `password_reset`
--
ALTER TABLE `password_reset`
  ADD CONSTRAINT `fk_password_reset_usuario` FOREIGN KEY (`id_documento`) REFERENCES `usuario` (`id_documento`) ON DELETE CASCADE;

--
-- Filtros para la tabla `preregistro`
--
ALTER TABLE `preregistro`
  ADD CONSTRAINT `pre_fk_documento` FOREIGN KEY (`id_documento`) REFERENCES `usuario` (`id_documento`),
  ADD CONSTRAINT `pre_fk_evento` FOREIGN KEY (`id_evento`) REFERENCES `evento` (`id_evento`);

--
-- Filtros para la tabla `programa`
--
ALTER TABLE `programa`
  ADD CONSTRAINT `fk_programa_estado` FOREIGN KEY (`id_estado`) REFERENCES `estado` (`id_estado`),
  ADD CONSTRAINT `prog_fk_jornada` FOREIGN KEY (`id_jornada`) REFERENCES `jornada` (`id_jornada`),
  ADD CONSTRAINT `prog_fk_nivel` FOREIGN KEY (`id_nivel_formacion`) REFERENCES `nivel_formacion` (`id_nivel_formacion`);

--
-- Filtros para la tabla `usuario`
--
ALTER TABLE `usuario`
  ADD CONSTRAINT `fk_usuario_estado` FOREIGN KEY (`id_estado`) REFERENCES `estado` (`id_estado`),
  ADD CONSTRAINT `usu_fk_ficha` FOREIGN KEY (`id_ficha`) REFERENCES `ficha` (`id_ficha`),
  ADD CONSTRAINT `usu_fk_rol` FOREIGN KEY (`id_rol`) REFERENCES `rol` (`id_rol`);
COMMIT;

/*!40101 SET CHARACTER_SET_CLIENT=@OLD_CHARACTER_SET_CLIENT */;
/*!40101 SET CHARACTER_SET_RESULTS=@OLD_CHARACTER_SET_RESULTS */;
/*!40101 SET COLLATION_CONNECTION=@OLD_COLLATION_CONNECTION */;
